Time (s),F31 (N),L31 (mm),F32 (N),L32 (mm),F37 (N),L37 (mm)
0,0,-0.0202,0,9.0131,-0.073,-0.0083
0.01,0,-0.0202,0,9.0539,-0.106,-0.053
0.02,0,0.0222,0,8.9981,0.0245,0.0099
0.03,0,-0.0118,0,9.0325,-0.0572,0.0244
0.04,0,-0.0431,0,8.9656,-0.0292,-0.0039
0.05,0,0.0276,0,8.955,0.2166,0.0634
0.06,0,-0.0083,0,9.0426,-0.0277,-0.0291
0.07,0,0.0207,0,8.9976,-0.0183,0.0085
0.08,0,0.0072,0,9.0207,-0.0849,0.0115
0.09,0,-0.0187,0,9.0353,-0.0366,0.0124
0.1,0,-0.0028,0,9.0131,0.049,0.0619
0.11,0,-0.0089,0,9.037,0.0467,-0.0083
0.12,0,-0.0414,0,8.9799,-0.0079,0.0004
0.13,0,0.0441,0,8.9414,-0.2058,-0.0048
0.14,0,0.0094,0,9.0238,-0.1484,-0.0614
0.15,0,0.0356,0,9.0065,0.0859,0.0219
0.16,0,0.0524,0,9.0593,0.0437,-0.0083
0.17,0,-0.0202,0,9.0573,0.2143,-0.0185
0.18,0,0.0161,0,8.9877,0.0634,-0.0011
0.19,0,-0.0202,0,9.0353,-0.0801,-0.0656
0.2,0,-0.0202,0,8.9565,-0.0578,0.0036
0.21,0,0.0152,0,8.9655,-0.0657,0.0036
0.22,0,-0.0027,0,9.0415,0.0632,0.0387
0.23,0,0.0148,0,8.9915,0.0445,0.025
0.24,0,0.0391,0,9.0452,-0.0165,-0.0083
0.25,0,-0.0202,0,9.0411,-0.0681,0.0004
0.26,0,0.0052,0,9.0001,-0.1191,-0.0099
0.27,0,-0.0202,0,9.0225,0.0452,-0.02
0.28,0,-0.0311,0,8.9668,0.1285,0.0524
0.29,0,0.0161,0,8.9786,0.0905,0.0339
0.3,0,-0.0463,0,9.0588,0.1129,-0.0073
0.31,0,0.0083,0,8.9887,-0.1344,-0.0024
0.32,0,0.0794,0,9.0529,-0.0851,-0.0397
0.33,0,-0.0202,0,9.0331,0.0446,0.0383
0.34,0,0.0107,0,8.9465,0.0186,-0.0264
0.35,0,-0.0202,0,9.0201,0.2578,-0.0116
0.36,0,-0.057,0,8.9894,0.0783,-0.0167
0.37,0,0.0404,0,8.9719,-0.118,-0.0723
0.38,0,-0.0202,0,9.0329,-0.034,0.0062
0.39,0,0.0165,0,8.9887,-0.0313,0.0023
0.4,0,0.05,0,9.025,0.2064,0.0214
0.41,0,-0.0039,0,9.0527,0.1793,0.0148
0.42,0,0.0127,0,8.9829,0.0171,-0.0549
0.43,0,-0.0151,0,9.0382,-0.0191,0.001
0.44,0,-0.0271,0,8.9763,-0.0867,-0.015
0.45,0,0.0182,0,8.9866,0.0036,0.0036
0.46,0,-0.0009,0,9.0448,0.1888,0.0539
0.47,0,0.0255,0,9.0017,-0.101,-0.0446
0.48,0,0.0283,0,9.0472,0.097,0.0036
0.49,0,-0.0202,0,9.0257,-0.009,-0.0133
0.5,0,0.0634,0,8.9644,-0.0602,-0.0382
0.51,0,-0.0202,0,9.0169,0.1672,0.0394
0.52,0,-0.0515,0,8.9681,0.0068,-0.0036
0.53,0,0.0256,0,8.9778,0.1398,-0.0099
0.54,0,-0.0202,0,9.0447,0.0013,-0.007
0.55,0,0.059,0,9.0156,-0.098,-0.0764
0.56,0,0.0583,0,9.037,0.0301,0.0238
0.57,0,-0.0213,0,9.0322,0.012,0.003
0.58,0,-0.0122,0,8.9763,0.1804,0.0084
0.59,0,-0.0202,0,9.0158,0.1411,0.0187
0.6,0,-0.0464,0,8.9686,-0.0487,-0.0797
0.61,0,0.0404,0,8.9775,0.0206,0.0418
0.62,0,-0.0202,0,9.0263,-0.1792,-0.0162
0.63,0,0.0356,0,8.9659,0.0734,0.0161
0.64,0,0.052,0,9.0414,0.1217,0.0161
0.65,0,-0.0202,0,9.0129,0.0201,-0.0284
0.66,0,0.0024,0,8.9587,-0.0251,0.0034
0.67,0,-0.0189,0,9.0048,-0.1476,-0.0427
0.68,0,-0.0245,0,8.9438,-0.0712,-0.0366
0.69,0,0.0212,0,8.9654,0.1735,0.0524
0.7,0,-0.0202,0,9.0289,0.0545,-0.0202
0.71,0,0.0319,0,9.0385,0.0791,-0.0053
0.72,0,0.045,0,9.0037,-0.1225,-0.0312
0.73,0,-0.0202,0,9.0103,-0.1639,-0.0446
0.74,0,-0.0044,0,8.9653,-0.0173,0.0456
0.75,0,-0.0123,0,9.014,0.0272,0.0174
0.76,0,-0.0202,0,8.9925,0.0153,0.0116
0.77,0,0.0141,0,9.0339,0.0687,-0.0011
0.78,0,-0.0151,0,9.053,-0.0516,-0.0801
0.79,0,0.04,0,9.0088,0.0335,0.0114
0.8,0,0.0181,0,9.0361,-0.0874,-0.0034
0.81,0,-0.0202,0,8.9882,0.0523,0.0148
0.82,0,0.0108,0,8.9361,0.1275,0.0312
0.83,0,-0.0158,0,9.0206,-0.0438,-0.0254
0.84,0,-0.0202,0,8.9836,-0.0705,0.0048
0.85,0,0.0226,0,8.9647,-0.2792,-0.0202
0.86,0,-0.0202,0,9.0589,-0.122,0.0194
0.87,0,0.0456,0,9.0007,0.0787,0.0617
0.88,0,0.0495,0,9.025,-0.0594,-0.013
0.89,0,-0.0095,0,9.0067,0.0939,0.0503
0.9,0,0.0218,0,8.9763,-0.2818,-0.0099
0.91,0,-0.0194,0,9.0198,-0.0562,-0.0143
0.92,0,-0.0202,0,8.9887,0.073,0.046
0.93,0,0.031,0,9.0249,-0.0204,-0.0223
0.94,0,-0.0202,0,9.061,0.1749,-0.0034
0.95,0,0.028,0,8.9887,-0.0361,0.0067
0.96,0.7527,0.0518,0.4908,9.0429,-0.1611,-0.0436
0.97,2.0298,-0.0202,2.1924,8.9749,0.0368,0.0046
0.98,3.6329,0.0014,3.7288,8.9763,0.2373,-0.0112
0.99,5.5143,-0.0258,5.4273,8.9949,1.7766,0.0353
1,7.7625,-0.0358,7.3175,8.9899,3.3143,0.0057
1.01,9.9654,0.0142,8.9471,9.0186,4.9046,-0.0541
1.02,11.6951,-0.0138,10.4375,9.0515,7.3372,-0.0048
1.03,13.6311,0.0176,11.9512,9.0331,9.5068,0.0044
1.04,15.1916,-0.0027,13.2494,9.0163,11.5194,0.0196
1.05,16.5121,-0.0239,14.2515,9.0073,13.6072,0.0499
1.06,17.9535,-0.0175,15.1641,8.9755,15.2923,-0.0176
1.07,19.1056,-0.0011,16.0297,9.0149,16.7919,-0.0083
1.08,19.8966,-0.0319,16.6367,8.972,18.0614,-0.0005
1.09,20.9899,0.0601,17.3241,8.9907,19.477,-0.0346
1.1,21.8331,-0.0111,18.064,9.0551,20.7664,0.0187
1.11,22.6266,0.0319,18.3645,8.9956,21.5699,-0.0234
1.12,23.4104,0.0374,19.1627,9.0496,22.5698,-0.0072
1.13,23.7779,-0.0202,19.6042,9.0203,23.2959,-0.0033
1.14,24.413,0.0087,19.7678,8.94,23.926,-0.04
1.15,24.9577,-0.0202,20.277,9.0131,24.7542,0.0271
1.16,25.298,-0.0202,20.6041,8.9738,25.3508,-0.0059
1.17,25.9489,0.0203,20.7327,9.0117,25.8593,0.0095
1.18,26.1472,-0.009,21.2996,9.0562,26.3718,-0.001
1.19,26.5141,0.0095,21.6064,9.023,26.5623,-0.0607
1.2,26.8626,0.0147,21.8108,9.0163,27.082,0.0334
1.21,26.9991,-0.0373,22.0792,8.9921,27.6078,0.0156
1.22,27.3321,0.0209,22.3275,9.0026,28.0497,0.0161
1.23,27.5075,-0.0202,22.4868,8.9952,28.3949,0.0365
1.24,27.7196,-0.0269,22.7121,8.9943,28.4057,-0.0565
1.25,28.102,0.041,22.9089,9.0405,28.8269,-0.0007
1.26,28.1338,-0.0117,23.1351,9.0603,28.882,-0.0026
1.27,28.4741,0.032,23.2884,8.9986,29.1503,0.0034
1.28,28.7349,0.0228,23.5654,9.0191,29.6256,0.0504
1.29,28.662,-0.0202,23.7134,8.9851,29.5814,-0.0244
1.3,28.9308,-0.0083,23.6574,8.9512,30.0164,-0.0083
1.31,28.9719,-0.0133,23.9932,9.0199,30.0612,-0.0364
1.32,28.9598,-0.0162,24.0439,8.9872,30.0538,-0.0305
1.33,29.2362,0.0464,24.1545,9.0243,30.3485,0.0282
1.34,29.3213,-0.0286,24.5148,9.0707,30.4479,-0.0184
1.35,29.3704,0.0395,24.4813,8.9727,30.7015,0.0161
1.36,29.6238,0.0213,24.5337,9.0068,30.6516,-0.0213
1.37,29.6944,-0.0228,24.8377,8.9963,30.7053,-0.0612
1.38,29.6563,-0.0202,24.7116,8.9675,30.8885,0.0207
1.39,29.7058,-0.0202,25.0045,9.0134,30.9114,-0.0071
1.4,29.7336,-0.0202,25.0455,8.9763,31.233,0.028
1.41,30.0152,0.0272,25.1556,8.9773,31.3509,0.0256
1.42,29.9796,-0.0083,25.3232,9.0794,31.3097,-0.0115
1.43,30.1561,0.0161,25.354,8.9861,31.257,0.0065
1.44,30.2205,0.0297,25.5011,9.025,31.2898,0.0036
1.45,30.0644,-0.0202,25.5716,8.9864,31.4729,0.0041
1.46,30.2205,-0.0083,25.4947,8.9502,31.7229,0.0857
1.47,30.3,-0.0206,25.6868,9.0185,31.6123,-0.0097
1.48,30.1875,-0.0256,25.7323,8.9763,31.6142,0.0027
1.49,30.4648,0.0171,25.8011,9.0225,31.5972,-0.0202
1.5,30.5006,-0.0113,25.9472,9.0438,31.73,-0.0366
1.51,30.4866,0.0198,25.8967,8.9435,31.8188,-0.0043
1.52,30.7328,0.0199,26.1279,9.0281,31.991,-0.0261
1.53,30.4946,-0.0266,26.1633,8.9926,31.9961,0.005
1.54,30.6439,0.0072,26.0315,8.9427,31.9452,-0.0168
1.55,30.6907,-0.012,26.2596,9.0013,31.9385,-0.0664
1.56,30.5953,-0.0004,26.2484,9.0303,32.1163,0.0331
1.57,30.6795,0.0178,26.2445,9.0059,32.0594,-0.0049
1.58,30.8261,-0.0202,26.4528,9.0578,32.2396,-0.0049
1.59,30.9315,0.028,26.4905,8.967,32.2156,-0.0227
1.6,30.8339,0.0494,26.4605,9.0174,32.0196,-0.0484
1.61,30.8465,-0.0357,26.5638,8.9859,32.2598,0.0273
1.62,30.9642,-0.0154,26.6126,8.9524,32.172,-0.0081
1.63,30.8132,-0.0202,26.617,9.0162,32.272,-0.0005
1.64,30.8617,-0.0211,26.6692,8.9573,32.4412,0.0423
1.65,31.1334,0.0258,26.7822,9.0091,32.3541,-0.0358
1.66,30.9215,-0.0083,26.8522,9.0484,32.3976,-0.0035
1.67,31.1242,0.0036,26.8609,8.9808,32.2584,-0.0273
1.68,31.2045,0.0326,26.9946,9.0223,32.3842,-0.0074
1.69,31.0838,-0.0202,26.911,8.9807,32.5098,0.0754
1.7,31.1917,0.0036,26.8937,8.9381,32.4965,-0.0083
1.71,31.157,-0.0224,27.0476,9.0009,32.6467,0.0064
1.72,31.0261,-0.0242,26.994,8.9691,32.4055,-0.0426
1.73,31.2842,0.0196,27.0635,9.0054,32.4406,-0.038
1.74,31.2494,-0.0119,27.324,9.037,32.6762,0.0173
1.75,31.2611,0.0161,27.1129,8.9887,32.4938,0.0022
1.76,31.4194,0.0029,27.2247,9.0141,32.8358,0.0053
1.77,31.3114,-0.0428,27.3022,8.9722,32.6625,-0.0177
1.78,31.4094,-0.0154,27.1736,8.9252,32.5926,-0.0418
1.79,31.2549,0.0277,27.3126,9.0253,32.6852,0.0094
1.8,31.2356,-0.0112,27.3915,8.9763,32.666,-0.0182
1.81,31.4211,0.0173,27.3668,9.0138,32.8323,0.0428
1.82,31.3867,-0.0001,27.4878,9.0623,32.9116,0.018
1.83,31.5439,0.0455,27.4612,8.9992,32.8034,-0.0498
1.84,31.5716,0.0136,27.5539,9.0216,32.7657,-0.0171
1.85,31.3869,-0.0279,27.4687,9.0017,32.7114,-0.014
1.86,31.4559,0.0025,27.4235,8.9144,32.8241,-0.0128
1.87,31.4864,-0.0085,27.6391,9.0309,33.0428,0.0524
1.88,31.3347,-0.0083,27.5531,8.9785,32.8158,-0.0083
1.89,31.669,0.0282,27.6987,9.0134,32.8919,-0.0105
1.9,31.572,-0.0025,27.7621,9.0867,32.8144,-0.0405
1.91,31.5721,0.0404,27.6317,8.9253,32.8478,-0.0385
1.92,31.6867,0.0072,27.8264,9.025,32.91,0.0359
1.93,31.5458,-0.0209,27.7797,8.975,32.9799,-0.0124
1.94,31.5072,0.006,27.6226,8.9358,33.13,0.0036
1.95,31.5422,-0.0202,27.8252,9.016,33.0482,-0.0267
1.96,31.5805,-0.0229,27.7846,9.0028,32.9508,-0.0813
1.97,31.7336,0.0231,27.7923,9.039,33.0453,0.0098
1.98,31.7186,-0.0088,27.909,9.0487,33.0317,-0.0005
1.99,31.7208,0.0036,27.9008,8.9925,33.1422,0.0215
2,31.7515,0.002,27.8923,9.0394,33.057,0.0159
2.01,31.6835,-0.0467,27.9661,8.9958,32.983,-0.0392
2.02,31.7225,0.0161,27.8897,8.9696,33.0889,-0.0039
2.03,31.651,-0.0202,27.8913,9.0487,33.0836,-0.0028
2.04,31.6829,-0.0202,27.9153,8.9815,33.1805,0.0134
2.05,31.9004,0.0421,28.105,9.027,33.0655,0.0673
2.06,31.7514,-0.0083,28.1269,9.0465,33.1343,0.014
2.07,31.7372,0.022,28.1146,9.0087,33.1191,-0.0343
2.08,31.8902,0.0017,28.1685,9.0494,32.9372,-0.0327
2.09,31.6809,-0.0236,28.0601,8.9545,33.0712,-0.0187
2.1,31.8174,-0.0077,27.9996,8.9396,33.2456,0.0296
2.11,31.7392,-0.0202,28.1535,9.0184,33.1585,-0.0202
2.12,31.6782,-0.0311,28.1043,9.0007,33.2977,-0.0088
2.13,31.9092,0.0335,28.2355,9.0188,33.16,-0.0359
2.14,31.9042,-0.005,28.3817,9.0553,33.1022,-0.0396
2.15,31.9084,0.0299,28.1681,8.9862,33.2623,0.0118
2.16,31.9625,0.0079,28.2455,9.0456,33.1343,0.0036
2.17,31.8147,-0.0248,28.4054,8.9783,33.376,0.0295
2.18,31.8379,0.0142,28.17,8.9415,33.1848,0.0244
2.19,31.8588,-0.0166,28.3142,9.0238,33.1085,-0.0639
2.2,31.9447,-0.0138,28.3973,8.9779,33.1747,-0.0115
2.21,31.9012,0.0262,28.2773,9.0131,33.1433,-0.0045
2.22,31.9596,-0.0202,28.3827,9.0612,33.2428,-0.0007
2.23,32.0372,-0.0041,28.4101,8.9887,33.35,0.0528
2.24,32.039,0.0379,28.3897,9.037,33.2464,-0.023
2.25,31.9112,-0.0584,28.376,9.0104,33.3315,-0.0181
2.26,32.0275,0.0018,28.3354,8.9673,33.1603,-0.0113
2.27,31.8916,0.0161,28.4857,9.056,33.1217,-0.0254
2.28,31.9145,-0.0202,28.3789,8.9763,33.472,0.0695
2.29,32.0592,0.0703,28.473,9.0494,33.2885,-0.0265
2.3,31.8841,-0.0174,28.4838,9.0371,33.3358,-0.0072
2.31,32.0067,0.0152,28.4797,8.9936,33.2059,-0.0446
2.32,32.1387,0.019,28.4682,9.0108,33.1226,-0.0327
2.33,31.988,-0.0331,28.4796,8.9632,33.447,0.0306
2.34,31.9815,0.0078,28.3577,8.9612,33.8031,-0.0227
2.35,32.038,-0.0202,28.5655,9.0126,33.9754,0.0338
2.36,31.9693,-0.0133,28.6022,8.9832,33.8043,0.0378
2.37,32.0843,0.0389,28.5688,9.0566,33.7989,0.0175
2.38,32.0727,-0.0008,28.6642,9.0613,34.2446,0.151
2.39,32.0873,0.0491,28.543,8.9723,34.4156,0.1588
2.4,32.121,0.0324,28.5499,9.0685,34.8669,0.1927
2.41,32.0274,-0.0314,28.6298,8.9516,35.0513,0.2415
2.42,32.1258,-0.0061,28.5553,8.9551,35.0622,0.1907
2.43,32.0438,-0.0131,28.6042,9.037,35.2405,0.2717
2.44,32.0381,-0.0204,28.5809,8.9887,35.6099,0.2756
2.45,32.1752,0.0491,28.6914,9.0318,35.8702,0.3394
2.46,32.0638,-0.0202,28.7344,9.0559,36.3001,0.4036
2.47,32.204,0.025,28.6259,8.9643,36.3811,0.3728
2.48,32.2017,-0.0124,28.758,9.0048,36.6393,0.4098
2.49,31.9047,-0.0429,28.5193,8.9587,36.5117,0.3932
2.5,32.173,0.0101,28.4903,8.9541,36.9388,0.4361
2.51,32.1585,-0.0202,28.7748,9.025,37.254,0.546
2.52,32.0269,-0.0305,28.6384,8.9659,37.3669,0.5201
2.53,32.2386,0.0366,28.7775,9.0738,37.6978,0.5661
2.54,32.183,-0.0187,28.9216,9.0046,37.7733,0.5783
2.55,32.1864,0.0168,28.6603,9.0186,37.6968,0.5387
2.56,32.255,-0.0202,28.7324,9.0079,38.1041,0.7014
2.57,32.1223,-0.0467,28.8087,8.9764,38.2397,0.6798
2.58,32.1974,-0.0029,28.6734,8.9328,38.281,0.7263
2.59,32.098,-0.0202,28.9092,9.025,38.5666,0.7811
2.6,32.1183,-0.0155,28.7736,8.9887,38.4719,0.722
2.61,32.1864,0.0516,28.8375,9.037,38.3793,0.8054
2.62,32.2286,-0.0066,28.887,9.0376,38.334,0.8397
2.63,32.3213,-0.0002,28.886,8.9817,38.5756,0.87
2.64,32.1812,0.0159,28.8619,9.019,38.6102,0.9505
2.65,32.1052,-0.0286,28.7442,8.9553,38.55,0.9134
2.66,32.1947,0.0486,28.8267,8.965,38.6985,0.9178
2.67,32.1147,-0.0202,28.9396,9.0228,38.4793,0.9991
2.68,32.0353,-0.0179,28.8234,8.9893,38.6854,0.9856
2.69,32.2746,0.041,28.9511,9.0432,38.6907,1.0853
2.7,32.2604,0.0062,29.0371,9.0198,38.7703,1.0945
2.71,32.2571,0.0263,28.8013,8.9649,38.6855,1.1175
2.72,32.3095,0.0132,29.0658,8.9921,38.6083,1.1378
2.73,32.1617,-0.0207,28.9007,8.9583,38.6015,1.0992
2.74,32.2422,0.0128,28.8092,8.9456,38.632,1.2136
2.75,32.2762,-0.0014,28.9935,9.0213,38.7927,1.2444
2.76,32.202,-0.0227,28.9111,8.9932,38.8895,1.2887
2.77,32.2688,0.0545,28.9876,9.0551,38.7116,1.3091
2.78,32.2865,-0.0202,29.1301,9.0163,38.7731,1.2979
2.79,32.307,0.0182,28.9774,8.9873,38.8884,1.3514
2.8,32.3646,0.0207,28.9742,9.025,38.8205,1.3973
2.81,32.2973,-0.0202,29.0085,8.9582,38.963,1.4263
2.82,32.3432,-0.0122,28.8663,8.9444,38.9728,1.4732
2.83,32.1476,-0.0202,29.0452,9.037,38.9066,1.4274
2.84,32.2369,0.004,28.9887,9.0001,38.9215,1.4719
2.85,32.4127,0.0193,29.1308,8.9857,38.7858,1.4763
2.86,32.2869,-0.0202,29.1155,9.0058,38.8131,1.5873
2.87,32.3835,-0.0083,29.0641,8.9548,39.0996,1.6276
2.88,32.4086,0.0215,29.095,9.0082,39.1666,1.5978
2.89,32.1945,-0.0297,28.8967,8.9038,39.0426,1.6408
2.9,32.3368,-0.0069,29.0187,8.9611,38.9952,1.667
2.91,32.341,-0.0202,29.2804,9.0092,39.0248,1.6935
2.92,32.2419,-0.0154,29.0531,8.995,39.1902,1.7814
2.93,32.4227,0.0499,29.1529,9.0327,39.2142,1.7672
2.94,32.36,-0.0202,29.2651,9.0024,39.3531,1.818
2.95,32.3592,0.0169,29.0092,8.9874,39.2858,1.841
2.96,32.4305,-0.004,29.1305,9.0024,39.1055,1.8522
2.97,32.3953,-0.0237,29.1525,8.9878,39.411,1.9432
2.98,32.3892,0.015,28.9368,8.9598,39.2597,1.8885
2.99,32.3105,-0.0126,29.2063,9.0464,39.4928,1.9495
3,32.2804,0.0002,29.1648,8.9826,39.5504,2.0265
3.01,32.3846,0.0762,29.1347,9.0357,39.4315,1.9927
3.02,32.3957,0.0026,29.2917,9.0154,39.5665,2.0556
3.03,32.4096,0.0117,29.1731,8.983,39.3854,2.0897
3.04,32.4033,0.0249,29.0734,9.0131,39.6227,2.1137
3.05,32.3231,-0.0714,29.1088,8.9833,39.6492,2.2
3.06,32.4474,0.0036,29.1665,8.9797,39.6004,2.1531
3.07,32.2898,-0.0195,29.2013,9.025,39.7549,2.2302
3.08,32.3468,-0.0202,29.211,9.0007,39.5093,2.2172
3.09,32.4818,0.0427,29.3436,9.037,39.5663,2.2832
3.1,32.3691,-0.0109,29.2647,9.0362,39.8911,2.3337
3.11,32.4252,-0.0083,29.1389,8.9643,39.8241,2.3182
3.12,32.3903,0.0181,29.2887,9.022,39.882,2.3559
3.13,32.3253,-0.0403,29.206,8.9454,39.8367,2.3728
3.14,32.3853,0.0085,29.1405,8.9763,39.6994,2.3655
3.15,32.4104,-0.027,29.342,9.052,39.9307,2.4825
3.16,32.2183,-0.009,29.2204,8.9887,39.9377,2.5049
3.17,32.4256,0.0391,29.1635,9.0205,40.0699,2.5393
3.18,32.4354,-0.0079,29.3297,9.0085,40.001,2.5744
3.19,32.4107,-0.0074,29.2535,8.963,39.9796,2.5365
3.2,32.4355,0.0004,29.2892,9.0233,39.876,2.5862
3.21,32.4046,-0.0202,29.277,9.0225,39.8383,2.6384
3.22,32.4149,-0.0003,29.2333,8.9863,40.137,2.6869
3.23,32.4003,-0.0202,29.2436,9.0305,40.3757,2.7442
3.24,32.411,-0.0198,29.3029,9.0007,39.9741,2.7115
3.25,32.4207,0.0571,29.3612,9.0411,40.088,2.7417
3.26,32.3267,-0.0202,29.2897,9.0477,40.0884,2.7722
3.27,32.4896,0.0161,29.3429,8.9445,40.1537,2.7926
3.28,32.4665,-0.0007,29.3778,9.0207,40.4298,2.918
3.29,32.3386,-0.0321,29.1451,8.987,40.43,2.8442
3.3,32.4563,-0.0028,29.323,8.9911,40.2811,2.9055
3.31,32.4115,-0.0202,29.3387,9.0332,40.2921,2.9237
3.32,32.3764,-0.0117,29.3246,8.9946,40.2617,2.9055
3.33,32.4722,0.0331,29.4335,8.9987,40.4187,2.9821
3.34,32.4117,-0.0202,29.4695,9.0201,40.3827,2.9671
3.35,32.4757,0.0033,29.2787,8.9699,40.7195,3.0653
3.36,32.5027,0.0138,29.3487,8.9887,40.5475,3.0991
3.37,32.4119,-0.0315,29.3765,8.94,40.2912,3.0692
3.38,32.4119,0.0153,29.2978,8.9786,40.5248,3.1487
3.39,32.4318,-0.0161,29.4362,9.0396,40.3815,3.1924
3.4,32.3787,0.0049,29.4313,8.9858,40.5558,3.2557
3.41,32.4363,0.0766,29.348,8.9992,40.7164,3.3183
3.42,32.4623,-0.0202,29.4885,9.0289,40.6111,3.2372
3.43,32.4895,0.0437,29.4454,8.9752,40.4962,3.3063
3.44,32.4409,-0.0117,29.3515,9.0082,40.6226,3.3109
3.45,32.4423,-0.0502,29.3527,8.9716,40.7361,3.3749
3.46,32.4351,-0.0076,29.4454,8.9812,40.7578,3.4627
3.47,32.3894,-0.0139,29.3867,9.0365,40.8886,3.4277
3.48,32.3749,-0.016,29.4767,8.94,40.8207,3.464
3.49,32.5347,0.0073,29.5627,9.006,40.595,3.471
3.5,32.4127,-0.0202,29.4725,8.9767,40.6979,3.4983
3.51,32.4828,0.0205,29.3409,8.9427,40.8338,3.5586
3.52,32.5488,-0.0009,29.5225,9.0051,40.9387,3.5388
3.53,32.4115,-0.0439,29.3849,8.9987,41.0835,3.6132
3.54,32.4477,-0.0007,29.3535,8.9688,40.9547,3.6192
3.55,32.4299,-0.0175,29.5963,9.0857,40.771,3.62
3.56,32.4042,-0.0083,29.4672,8.9797,40.9077,3.6999
3.57,32.4761,0.0427,29.4655,9.0169,41.1134,3.7314
3.58,32.535,-0.0199,29.5916,9.0062,41.1027,3.7554
3.59,32.4373,0.0161,29.4176,8.9461,40.9526,3.818
3.6,32.5148,-0.0004,29.4925,9.0042,41.04,3.7917
3.61,32.3764,-0.0297,29.4031,8.9811,40.9464,3.8648
3.62,32.4049,0.0245,29.4948,8.978,40.8408,3.8768
3.63,32.4849,-0.0202,29.496,9.0433,41.2119,3.914
3.64,32.4771,-0.0078,29.4838,8.9587,41.2645,4.0056
3.65,32.5024,0.0524,29.5714,9.0007,41.211,3.9642
3.66,32.4545,0.0087,29.5248,9.0176,41.1862,3.9967
3.67,32.5109,-0.0066,29.4945,8.9643,41.1467,4.0326
3.68,32.4809,-0.0093,29.5749,9.0027,40.9889,4.0333
3.69,32.3801,-0.0314,29.3147,8.9817,41.3255,4.1301
3.7,32.5417,0.0144,29.5296,8.9773,41.357,4.1061
3.71,32.4932,-0.0202,29.6328,9.046,41.3128,4.167
3.72,32.4142,-0.0068,29.5256,8.9763,41.233,4.2169
3.73,32.5658,0.0477,29.5409,8.9935,41.26,4.1471
3.74,32.4484,-0.013,29.6159,8.9959,41.429,4.2664
3.75,32.511,-0.0072,29.4616,8.9402,41.4106,4.2741
3.76,32.5917,-0.0047,29.5254,9.0259,41.6494,4.3459
3.77,32.4758,-0.0327,29.5211,8.9865,41.4815,4.3399
3.78,32.4813,0.0158,29.5025,9.0382,41.3772,4.3431
3.79,32.4551,-0.0202,29.6721,9.0768,41.4796,4.4278
3.8,32.4369,-0.0193,29.562,8.9421,41.4255,4.4002
3.81,32.5128,0.0471,29.5521,9.036,41.557,4.4553
3.82,32.5777,-0.0202,29.6231,9.0215,41.7729,4.5535
3.83,32.5108,0.0237,29.5389,8.9555,41.5307,4.5201
3.84,32.4456,-0.005,29.5366,9.0289,41.4282,4.5371
3.85,32.5303,-0.0202,29.5441,8.9754,41.5619,4.5649
3.86,32.4881,0.0117,29.5231,9.0071,41.626,4.6114
3.87,32.4152,-0.0202,29.5909,9.0494,41.6324,4.67
3.88,32.4609,-0.0053,29.6154,8.9873,41.7799,4.644
3.89,32.5977,0.0721,29.7387,9.0131,41.9192,4.6905
3.9,32.4834,-0.0202,29.5471,9.0048,41.6095,4.6905
3.91,32.5332,-0.0083,29.567,8.9589,41.7485,4.7348
3.92,32.5621,-0.0193,29.6763,9.0016,41.8455,4.8117
3.93,32.4015,-0.0409,29.5801,8.9604,41.9431,4.8039
3.94,32.5821,-0.0046,29.5516,8.9826,42.1267,4.8682
3.95,32.5427,-0.0114,29.7706,9.0684,41.8685,4.9089
3.96,32.4158,-0.0124,29.5457,8.9725,41.8144,4.8398
3.97,32.4263,0.0503,29.6073,9.0489,41.9437,4.9507
3.98,32.6472,-0.0202,29.7655,8.9702,42.0075,4.9873
3.99,32.489,0.0025,29.5758,8.9751,42.042,5.0052
4,32.5605,0.0036,29.6056,9.0087,42.0564,5.0718
4.01,32.4891,-0.0392,29.6193,8.9836,41.917,5.0655
4.02,32.4785,-0.0066,29.5665,9.0252,41.9813,5.0928
4.03,32.4375,-0.0202,29.6988,9.0105,41.9722,5.1166
4.04,32.4907,-0.0076,29.6756,8.9887,42.0591,5.1536
4.05,32.604,0.0609,29.6968,9.0157,42.2755,5.2414
4.06,32.4944,-0.0153,29.641,8.984,42.0989,5.2075
4.07,32.5587,-0.0058,29.5983,8.9426,42.3473,5.2484
4.08,32.5653,-0.0116,29.7332,9.0198,42.0645,5.2657
4.09,32.4183,-0.0202,29.5504,8.9782,42.0105,5.2525
4.1,32.6006,-0.007,29.6915,9.0159,42.1485,5.3836
4.11,32.4582,0.0211,29.7729,9.0577,42.1261,5.3852
4.12,32.452,0.0127,29.5988,8.9787,42.3037,5.4286
4.13,32.6529,0.0238,29.7831,9.0257,42.3196,5.451
4.14,32.4876,-0.018,29.6102,8.9749,42.2025,5.3839
4.15,32.5143,0.022,29.5783,8.94,42.334,5.4974
4.16,32.6851,0.0131,29.81,9.0045,42.3159,5.5088
4.17,32.4576,-0.0365,29.6818,8.9851,42.5051,5.5792
4.18,32.5624,-0.0109,29.6691,9.0191,42.3663,5.6381
4.19,32.5596,-0.0202,29.8344,9.0795,42.3286,5.6217
4.2,32.473,-0.0045,29.7823,8.9643,42.3427,5.6719
4.21,32.541,0.0282,29.7082,9.0184,42.3635,5.6768
4.22,32.5933,-0.0202,29.7706,8.9499,42.4581,5.7002
4.23,32.603,0.0036,29.7035,8.9392,42.664,5.7681
4.24,32.5825,-0.0123,29.5744,9.0019,42.4629,5.7316
4.25,32.5215,-0.0338,29.6451,8.985,42.5159,5.7932
4.26,32.5408,0.0036,29.7754,9.025,42.394,5.8308
4.27,32.4772,-0.0137,29.7949,9.0453,42.4734,5.8045
4.28,32.5247,-0.0137,29.7183,8.9784,42.6998,5.9385
4.29,32.6657,0.0423,29.7934,9.0009,42.7354,5.8921
4.3,32.4573,-0.0202,29.7198,8.9912,42.6987,5.9499
4.31,32.5907,-0.0033,29.6494,8.9205,42.5825,5.9629
4.32,32.6147,-0.0015,29.7965,8.9743,42.5896,5.9524
4.33,32.4539,-0.0318,29.7101,8.9575,42.7542,6.0396
4.34,32.6044,0.0036,29.7241,9.0243,42.7697,6.0698
4.35,32.5216,-0.0202,29.8638,9.0494,42.9088,6.1191
4.36,32.4386,-0.0143,29.74,8.9663,42.8503,6.1686
4.37,32.6508,0.0678,29.7784,9.0196,42.6182,6.1097
4.38,32.5883,-0.0084,29.8094,8.9678,42.7783,6.2315
4.39,32.4863,-0.0107,29.6137,8.9075,42.8604,6.2125
4.4,32.6241,0.0093,29.7665,9.0286,42.9565,6.2629
4.41,32.4188,-0.058,29.7615,8.9991,43.0001,6.3223
4.42,32.4631,0.0116,29.7775,9.0381,42.9221,6.2808
4.43,32.4956,-0.0089,29.9146,9.0582,42.7706,6.3555
4.44,32.5423,-0.0007,29.8761,8.96,42.6545,6.3652
4.45,32.6474,0.0995,29.7276,9.019,42.9736,6.3879
4.46,32.5582,0.0036,29.8059,8.9619,42.958,6.4899
4.47,32.6039,0.0036,29.6583,8.9438,43.0066,6.4325
4.48,32.5653,-0.0148,29.8505,8.9695,43.215,6.545
4.49,32.4319,-0.0315,29.6487,8.9887,42.9616,6.5185
4.5,32.6175,-0.0075,29.9243,9.0302,42.8476,6.4636
4.51,32.5147,-0.0047,29.9201,9.0707,43.0867,6.6132
4.52,32.4487,-0.0028,29.7869,8.9889,43.0993,6.6131
4.53,32.724,0.044,29.8704,9.01,43.1521,6.6699
4.54,32.488,-0.0103,29.8302,8.9581,43.1885,6.678
4.55,32.5894,-0.0202,29.6423,8.9558,43.0749,6.6473
4.56,32.649,0.0144,29.8996,9.0257,42.9932,6.7666
4.57,32.4199,-0.0533,29.792,8.9887,43.1718,6.7686
4.58,32.4908,0.029,29.7837,9.0059,43.3684,6.8272
4.59,32.5332,-0.0074,30.0011,9.0541,43.2629,6.8817
4.6,32.4609,-0.009,29.8643,8.9741,43.2281,6.8317
4.61,32.6419,0.0404,29.7822,9.0009,43.286,6.8871
4.62,32.6335,-0.0202,29.8055,8.9864,43.0921,6.9001
4.63,32.5565,0.0036,29.7842,8.9488,43.2894,6.9416
4.64,32.5093,0.0055,29.8047,9.0476,43.3755,7.0149
4.65,32.4503,-0.0417,29.9156,9.0131,43.3679,6.9909
4.66,32.5894,0.0094,29.9077,9.0231,43.3309,7.0286
4.67,32.4658,-0.0202,29.9304,9.0225,43.3551,7.0414
4.68,32.5231,-0.0041,29.7384,8.9887,43.338,7.0597
4.69,32.6871,0.0496,29.9205,8.9976,43.3872,7.1503
4.7,32.4687,-0.0136,29.7845,8.9847,43.6375,7.1675
4.71,32.625,-0.0035,29.7511,8.9037,43.5351,7.2019
4.72,32.5916,-0.0196,29.9672,8.99,43.4966,7.231
4.73,32.3905,-0.0416,29.8237,8.9777,43.4708,7.209
4.74,32.5877,0.0057,29.8493,9.0387,43.5574,7.2787
4.75,32.5794,-0.0202,30.0547,9.0457,43.4668,7.316
4.76,32.4872,0.021,29.8761,8.9994,43.6633,7.3671
4.77,32.6602,0.0516,29.8751,9.0013,43.5466,7.4399
4.78,32.6298,-0.0088,29.9192,8.9652,43.4676,7.3697
4.79,32.4864,0.0036,29.7463,8.9241,43.6814,7.4373
4.8,32.6212,0.0065,29.9321,9.0194,43.6101,7.4671
4.81,32.5329,-0.0202,29.8758,8.9489,43.6382,7.5366
4.82,32.4612,-0.0187,29.8727,9.0438,43.7907,7.6014
4.83,32.5831,-0.0202,30.0027,9.0593,43.628,7.5508
4.84,32.5494,-0.0196,29.9408,8.9976,43.6178,7.599
4.85,32.5961,0.0369,29.8592,9.0103,43.5419,7.6227
4.86,32.5188,-0.0202,29.8049,8.9567,43.6943,7.5879
4.87,32.5772,-0.006,29.7985,8.9609,43.7146,7.7339
4.88,32.5584,-0.013,29.9369,8.989,43.738,7.7139
4.89,32.4231,-0.0565,29.8791,8.9813,43.7802,7.7279
4.9,32.5859,0.0437,30.0216,9.0227,43.6596,7.7743
4.91,32.454,-0.0183,30.0362,9.0457,43.6102,7.7443
4.92,32.5315,0.007,29.834,8.9672,43.8471,7.8508
4.93,32.6908,0.0484,29.9913,9.0487,43.8601,7.929
4.94,32.4778,-0.0202,29.9466,8.9628,43.9401,7.9074
4.95,32.531,0.0097,29.7864,8.9477,43.823,7.9421
4.96,32.615,-0.0202,30.0252,8.9917,43.7212,7.9391
4.97,32.43,-0.0522,29.9725,8.9923,43.7366,8.005
4.98,32.5446,0.0051,29.9634,9.07,43.8274,8.0294
4.99,32.6432,-0.0253,30.0585,8.9979,44.035,8.0754
5,32.4884,0.0125,29.8619,8.9932,43.9182,8.1264
5.01,32.6927,0.0625,29.9238,9.0007,43.9095,8.1025
5.02,32.4926,-0.0202,29.9435,8.9475,43.799,8.1167
5.03,32.6263,-0.0031,29.9271,8.9512,43.7228,8.1632
5.04,32.5787,-0.0155,29.931,9.0612,43.8082,8.1692
5.05,32.4864,-0.0494,29.9589,8.972,43.97,8.2707
5.06,32.5931,0.0155,30.0079,9.0417,43.921,8.2411
5.07,32.4853,-0.0202,30.0361,9.036,43.9507,8.3054
5.08,32.5675,-0.0046,29.9699,8.9747,43.9491,8.3216
5.09,32.6118,0.0461,30.0009,9.0195,43.7482,8.2822
5.1,32.5456,-0.0202,29.8887,8.93,43.97,8.3922
5.11,32.6853,0.0047,29.8815,8.9515,43.9706,8.4534
5.12,32.5574,-0.0022,29.9891,9.0189,44.0077,8.4619
5.13,32.4213,-0.0537,29.8842,8.9804,43.9854,8.4802
5.14,32.5065,-0.0125,30.11,9.0131,44.0578,8.4604
5.15,32.4837,-0.0202,30.0896,8.9892,44.0097,8.5312
5.16,32.4648,0.0001,29.8658,8.9754,43.9114,8.5823
5.17,32.6049,0.0471,30.0238,9.0033,44.1385,8.6002
5.18,32.5656,-0.0202,29.9619,8.9547,43.9991,8.6813
5.19,32.5158,0.0084,29.806,8.9393,43.8312,8.6324
5.2,32.647,-0.0202,29.9982,8.9533,43.9332,8.7092
5.21,32.4494,-0.0781,30.0626,8.9784,44.1003,8.7013
5.22,32.4817,0.0206,29.9029,9.0593,43.9335,8.7258
5.23,32.5229,-0.0087,30.1185,9.0216,44.141,8.8306
5.24,32.5054,0.0053,29.9575,8.9757,44.1352,8.7861
5.25,32.5639,0.0697,30.0751,8.9793,43.854,8.8468
5.26,32.553,-0.017,29.979,8.9597,44.0192,8.8613
5.27,32.5465,0.0045,29.8799,9.0024,43.9463,8.8601
5.28,32.5511,-0.0315,30.0145,9.0606,44.0258,8.9711
5.29,32.4738,-0.0386,29.9443,8.9959,43.8427,8.9395
5.3,32.6027,0.0151,30.1222,9.025,43.6418,8.966
5.31,32.4737,-0.0043,30.0964,9.0185,43.6877,8.9597
5.32,32.5157,-0.0202,29.9172,8.9701,43.1527,8.9051
5.33,32.7306,0.0468,30.0629,9.0192,43.0089,8.9808
5.34,32.4872,-0.0361,29.9349,8.9663,42.8077,8.9958
5.35,32.6416,-0.0197,29.7963,8.9614,42.5086,9.0126
5.36,32.6487,-0.0109,30.0647,9.0187,42.529,8.9948
5.37,32.4156,-0.0302,30.0153,9.0015,42.1255,8.9351
5.38,32.6127,0.0108,30.0357,9.0212,41.9348,8.9763
5.39,32.5775,-0.0052,30.2036,9.0309,41.9228,8.9338
5.4,32.4484,-0.0202,29.9732,8.9726,41.9244,8.9603
5.41,32.6491,0.0955,29.9504,8.9887,41.6801,9.0357
5.42,32.5507,-0.0202,30.0446,8.9532,41.5426,8.9763
5.43,32.4595,0.0036,29.9891,8.9598,41.4531,8.9657
5.44,32.5099,-0.0202,30.0348,9.0303,41.2244,8.9643
5.45,32.4332,-0.0532,30.0724,8.9763,41.2494,8.9763
5.46,32.5214,0.0036,30.1707,9.037,41.2861,9.012
5.47,32.4277,-0.0074,29.9577,9.0008,41.1387,8.954
5.48,32.5712,-0.0004,29.8705,8.9599,41.0338,8.9798
5.49,32.676,0.0767,30.0614,8.9909,40.9435,8.9685
5.5,32.4661,-0.0202,29.9174,8.9454,40.8098,8.9296
5.51,32.6377,0.0036,29.9672,8.923,40.8085,9.0007
5.52,32.571,-0.0202,30.1094,9.0246,40.8012,8.9823
5.53,32.4359,-0.081,30.0375,8.971,40.7588,8.9753
5.54,32.5417,-0.0037,30.1111,9.0458,40.6348,8.9926
5.55,32.518,-0.0202,30.1015,9.0289,40.6549,8.9275
5.56,32.4617,-0.007,29.9592,8.9442,40.5806,9.0031
5.57,32.6897,0.0518,30.1403,8.9998,40.6562,8.9694
5.58,32.4996,-0.0202,30.056,8.9291,40.698,8.9796
5.59,32.5363,-0.0202,29.8933,8.9607,40.417,9.0642
5.6,32.5586,-0.0029,30.0601,9.0179,40.2878,8.9556
5.61,32.4436,-0.0497,30.1275,8.9778,40.2718,8.9755
5.62,32.4668,0.005,30.043,9.0409,40.1275,8.9496
5.63,32.5473,-0.0202,30.172,8.9772,40.1827,8.9615
5.64,32.5256,-0.0036,30.0266,8.9251,40.451,9.0472
5.65,32.5321,0.0524,29.889,9.017,40.1231,8.9671
5.66,32.4636,-0.0261,29.9143,8.9621,40.1634,8.9763
5.67,32.5533,0.0036,29.9776,8.9592,40.0245,8.9643
5.68,32.5126,-0.0285,30.053,8.9963,39.8531,8.9459
5.69,32.3296,-0.0688,30.0576,8.9881,39.8639,9.0053
5.7,32.5867,0.011,30.1619,8.9975,40.0131,8.9851
5.71,32.4472,-0.0202,30.1318,9.0166,40.0513,9.0099
5.72,32.4891,-0.0105,29.975,8.9443,39.8,9.0011
5.73,32.6122,0.0524,30.1692,9.0291,39.7847,8.8962
5.74,32.4757,-0.0202,29.9894,8.976,39.9298,9.0019
5.75,32.512,0.0036,29.8537,8.9668,39.7268,8.9657
5.76,32.6055,-0.0007,30.2253,9.0151,39.8267,8.9794
5.77,32.3419,-0.057,30.0316,8.9814,39.7979,9.0148
5.78,32.5499,-0.0167,30.1726,9.025,39.6019,8.9756
5.79,32.5681,-0.0159,30.1903,9.014,39.582,8.9391
5.8,32.3643,-0.0091,30.0659,8.935,39.5802,8.9607
5.81,32.6707,0.0616,30.0668,9.0474,39.6078,8.9643
5.82,32.5587,-0.0202,30.0958,8.9674,39.5594,9.0495
5.83,32.5013,-0.0111,29.943,8.9692,39.4647,8.991
5.84,32.5029,-0.0061,29.933,9.0363,39.2827,8.9762
5.85,32.4284,-0.0542,30.1405,8.9951,39.2545,8.9544
5.86,32.4285,0.0278,30.2383,9.034,39.4613,8.9362
5.87,32.4425,-0.0133,30.1087,9.0001,39.4289,9.013
5.88,32.4618,-0.0063,30.0224,8.9529,39.2979,8.9764
5.89,32.6672,0.0553,30.0824,8.9786,39.472,8.9588
5.9,32.4432,-0.0124,29.8613,8.9825,39.2084,8.9643
5.91,32.6021,0.0153,30.1065,8.9688,39.0592,8.94
5.92,32.4909,-0.0153,30.1967,9.0341,39.3079,8.9687
5.93,32.3629,-0.0327,29.9938,8.9905,39.331,8.9832
5.94,32.5434,0.0087,30.1871,9.0131,39.2915,9.0007
5.95,32.4359,-0.0202,30.1413,8.9968,39.2021,9.0134
5.96,32.5137,0.0006,30.0352,8.951,39.3277,8.9387
5.97,32.7043,0.0469,30.0895,9.006,39.0596,8.978
5.98,32.475,-0.0089,30.1336,8.9613,39.0917,8.9534
5.99,32.4468,-0.0159,29.933,8.9684,39.2346,8.9524
6,32.5048,-0.0202,30.1346,9.0392,39.1669,9.0666
6.01,32.4138,-0.0524,30.1439,8.9294,39.059,8.9787
6.02,32.4391,-0.0155,30.0806,9.0389,38.8001,8.9658
6.03,32.5016,-0.0202,30.1544,9.0123,38.7961,8.9415
6.04,32.4572,0.0146,30.0786,8.8865,38.8602,8.947
6.05,32.5517,0.0485,30.0599,9.0203,39.01,9.0141
6.06,32.5455,-0.0172,30.1239,8.9527,38.9237,8.9671
6.07,32.5188,0.0079,30.0848,8.9927,38.8453,8.979
6.08,32.5251,-0.0175,30.1197,9.1136,38.7917,8.9643
6.09,32.43,-0.0381,30.1691,8.9728,38.7639,8.9169
6.1,32.6442,0.0185,30.2786,9.0086,38.6587,8.9709
6.11,32.4301,-0.012,30.2018,8.9915,38.7876,8.9781
6.12,32.5299,-0.0136,30.0867,8.9499,38.9305,8.9715
6.13,32.6037,0.0961,30.203,8.9762,38.6913,9.0292
6.14,32.4303,-0.0202,30.0476,8.9345,38.8082,8.8926
6.15,32.4784,-0.0088,30.0457,8.9967,38.7076,8.9898
6.16,32.4604,-0.0066,30.1179,9.036,38.6523,8.9524
6.17,32.3514,-0.0543,30.1015,8.94,38.7634,8.9763
6.18,32.4986,-0.0011,30.1608,9.0345,38.6924,9.0241
6.19,32.5169,-0.0202,30.2181,9.008,38.5369,8.9338
6.2,32.4279,0.0269,29.9913,8.9537,38.5478,8.9898
6.21,32.6394,0.0576,30.1051,8.9887,38.4991,8.9745
6.22,32.4586,-0.0202,30.1681,8.9453,38.5075,8.9095
6.23,32.4309,-0.0171,30.0765,8.9815,38.6665,9.0368
6.24,32.48,-0.0202,30.1618,9.0451,38.5703,8.9627
6.25,32.3882,-0.0981,30.1893,8.9795,38.5087,8.9887
6.26,32.5284,-0.0024,30.1655,9.0135,38.2507,8.9618
6.27,32.3889,-0.0202,30.12,8.9779,38.3585,8.925
6.28,32.4639,-0.0199,30.1726,8.928,38.452,8.9887
6.29,32.5949,0.0492,30.1822,9.0085,38.4932,8.969
6.3,32.4314,-0.0202,29.9871,9.0007,38.544,9.0154
6.31,32.5396,-0.0149,30.1207,8.9918,38.4218,8.9959
6.32,32.503,-0.0202,30.1652,9.0272,38.2782,8.9185
6.33,32.4162,-0.042,30.083,8.9524,38.3986,8.9871
6.34,32.5096,0.023,30.265,9.0303,38.3777,8.9836
6.35,32.4067,-0.0177,30.1743,8.9501,38.3764,8.9932
6.36,32.4501,0.0311,30.0156,8.9467,38.3711,9.0287
6.37,32.644,0.0284,30.1765,8.99,38.1545,8.9364
6.38,32.4319,-0.0202,30.0906,8.9396,38.219,8.9724
6.39,32.4731,-0.01,30.023,9.0198,38.1845,8.9993
6.4,32.4465,-0.0105,30.2005,9.0531,38.3853,8.9717
6.41,32.3751,-0.0414,30.1655,8.9702,38.1951,9.0284
6.42,32.4984,-0.0072,30.0937,9.0131,38.1612,8.9465
6.43,32.4684,-0.0143,30.2028,8.9999,38.11,8.9681
6.44,32.4383,-0.0063,30.105,8.9715,37.9713,8.9615
6.45,32.5142,0.0807,30.0541,8.9806,37.9862,8.9276
6.46,32.4867,-0.0202,30.1093,8.9817,38.2877,9.0163
6.47,32.4565,-0.0128,30.1785,9.0155,38.111,8.9727
6.48,32.4218,-0.0256,30.3248,9.0345,38.1485,8.9708
6.49,32.4082,-0.0562,30.1035,8.9648,38.086,8.9848
6.5,32.462,0.0085,30.2252,8.9575,37.9182,8.936
6.51,32.4328,-0.0155,30.0377,8.9842,37.8661,9.0007
6.52,32.5005,-0.0015,30.0727,8.9458,38.087,8.9583
6.53,32.5821,0.0707,30.1758,9.0007,38.1189,8.9849
6.54,32.433,-0.0078,30.097,8.9754,37.9747,8.9759
6.55,32.4661,-0.0148,30.0887,8.9905,38.117,8.9553
6.56,32.4746,-0.0202,30.3195,9.0581,38.0456,8.9687
6.57,32.3133,-0.0327,30.175,8.9615,37.8668,8.941
6.58,32.4725,0.0036,30.1502,8.9504,38.0093,8.9743
6.59,32.4813,-0.0202,30.2152,8.9944,37.973,9.0333
6.6,32.3707,0.0161,29.993,8.8926,37.8209,8.9337
6.61,32.5609,0.0722,30.1449,9.0107,37.9515,8.9808
6.62,32.4335,-0.0202,30.1472,8.9911,37.8069,8.9618
6.63,32.4336,0.0036,30.054,9.003,37.7501,8.9666
6.64,32.4536,-0.0183,30.2889,9.0596,37.9566,9.0517
6.65,32.3986,-0.0274,30.2179,8.9532,37.9367,8.9301
6.66,32.4578,0.064,30.1609,8.98,37.6975,8.9839
6.67,32.4339,-0.0202,30.1521,8.9703,37.6433,8.9627
6.68,32.4477,0.006,30.1481,8.9303,37.7647,8.8728
6.69,32.4526,0.0389,30.1675,8.9973,37.8647,9.025
6.7,32.4341,0.0029,30.1268,8.9873,37.8334,8.9213
6.71,32.5561,-0.0065,30.2089,9.0101,37.995,8.9832
6.72,32.4078,-0.0202,30.33,9.0494,37.7583,8.9469
6.73,32.3456,-0.0311,30.1018,8.9657,37.6366,8.9232
6.74,32.5215,0.0385,30.2296,9.0007,37.6792,8.9952
6.75,32.4344,-0.0202,30.2307,8.9785,37.7735,8.974
6.76,32.4345,-0.0202,30.0847,8.934,37.7125,9.0069
6.77,32.5697,0.0353,30.2128,9.003,37.793,9.025
6.78,32.4346,-0.0218,30.0798,8.9606,37.695,8.9436
6.79,32.466,0.0002,30.057,9.0392,37.5591,8.9598
6.8,32.4712,-0.0021,30.3005,9.0598,37.644,8.9553
6.81,32.3942,-0.0446,30.1659,8.9829,37.6824,8.9011
6.82,32.4753,0.0178,30.1615,9.0007,37.6887,9.0494
6.83,32.435,-0.0203,30.2082,8.9853,37.6159,8.9554
6.84,32.4292,0.0157,30.1194,8.9247,37.5992,8.9736
6.85,32.5854,0.06,30.1367,9.0065,37.3925,8.9524
6.86,32.4719,-0.0668,30.1353,8.9749,37.402,8.9103
6.87,32.4352,0.0074,30.1978,9.026,37.7567,8.9977
6.88,32.4437,-0.0181,30.2333,9.0447,37.6374,8.9763
6.89,32.3961,-0.0726,30.1983,8.9763,37.6462,8.9758
6.9,32.4354,0.0108,30.1994,9.0102,37.5436,8.9813
6.91,32.3689,-0.0202,30.1081,8.979,37.4546,8.9226
6.92,32.4954,0.0001,30.0324,8.9525,37.4575,8.9544
6.93,32.5643,0.0801,30.2254,9.008,37.639,8.9656
6.94,32.4484,-0.0202,30.0572,8.9865,37.6306,8.9756
6.95,32.4811,0.0154,30.2338,9.0075,37.4136,9.0276
6.96,32.4792,-0.0202,30.2423,9.0449,37.464,8.9448
6.97,32.2081,-0.0485,30.0867,8.9534,37.4491,8.9498
6.98,32.436,0.0036,30.231,9.017,37.399,8.9593
6.99,32.436,-0.0054,30.2692,8.9626,37.5821,8.9553
7,32.46,-0.0202,30.0356,8.9433,37.498,9.0255
7.01,32.6062,0.0382,30.1717,9.0211,37.3241,8.9425
7.02,32.4362,-0.0202,30.0686,8.9542,37.3892,8.9568
7.03,32.4363,-0.0202,30.1204,9.0074,37.3078,8.9699
7.04,32.4521,-0.0124,30.2703,9.0441,37.3104,8.9184
7.05,32.2517,-0.021,30.2412,8.9763,37.4405,9.0041
7.06,32.3662,0.0345,30.2113,9.0151,37.4233,8.9884
7.07,32.4366,-0.0176,30.1298,8.9482,37.2986,8.9887
7.08,32.4366,-0.0119,30.0761,8.9273,37.1971,8.9849
7.09,32.4539,0.0628,30.1453,9.025,37.2684,8.9094
7.1,32.418,-0.0202,30.1088,8.9483,37.3228,8.9841
7.11,32.4368,0.0148,30.2498,8.965,37.3027,8.9437
7.12,32.3617,-0.0202,30.2529,9.053,37.4513,8.9525
7.13,32.3303,-0.0468,30.1154,8.9887,37.3736,8.9869
7.14,32.4664,-0.0121,30.2269,9.0131,37.1506,8.9203
7.15,32.4371,0.0115,30.1402,8.9809,37.194,8.9703
7.16,32.4077,0.0062,29.9862,8.9362,37.1417,8.9926
7.17,32.6546,0.0527,30.2358,8.9963,37.2476,8.9766
7.18,32.3291,-0.0202,30.1406,8.9936,37.4738,9.0007
7.19,32.4374,0.0102,30.2096,9.0249,37.2513,8.9624
7.2,32.4434,-0.0202,30.2882,8.9935,37.0603,8.9847
7.21,32.2746,-0.0285,30.1871,8.9327,37.1697,8.9586
7.22,32.4339,0.0134,30.1695,9.0131,37.1777,8.9607
7.23,32.4376,-0.0141,30.1831,8.9902,37.182,9.0198
7.24,32.4377,0.0173,30.0715,8.9524,37.278,8.9524
7.25,32.4845,0.0274,30.2028,9.0077,37.1621,8.9643
7.26,32.4309,-0.0269,30.2573,8.9868,36.9109,8.9561
7.27,32.4345,0.0036,30.0842,9.031,37.0157,8.9156
7.28,32.3829,-0.0202,30.2602,9.0535,37.0957,8.9976
7.29,32.3409,-0.0671,30.1773,8.9539,37.0454,8.9667
7.3,32.4198,0.0127,30.2095,9.0058,37.1322,8.9878
7.31,32.408,-0.0176,30.1199,8.9843,37.1131,9.037
7.32,32.4333,0.0089,30.0781,8.94,37.0394,8.9298
7.33,32.4529,0.063,30.2337,9.0175,37.023,8.9776
7.34,32.3905,-0.0202,30.1021,8.9863,37.0941,8.963
7.35,32.4384,-0.0083,30.1553,9.0249,37.1113,8.9903
7.36,32.397,-0.0202,30.3496,9.0463,37.1882,9.025
7.37,32.2491,-0.0391,30.116,8.9803,37.1312,8.94
7.38,32.4626,0.032,30.1715,8.9974,37.0006,8.973
7.39,32.3387,-0.0083,30.1321,8.9556,36.8766,8.9887
7.4,32.3776,-0.0082,29.9656,8.9492,37.1041,8.9716
7.41,32.5051,0.0393,30.2559,9.0358,36.9422,9.025
7.42,32.4232,-0.0121,30.1617,8.9807,36.938,8.9524
7.43,32.4009,-0.0018,30.1252,9.0313,36.9701,8.9775
7.44,32.439,-0.0185,30.3407,9.037,36.9331,8.9527
7.45,32.3111,-0.054,30.2335,8.9574,36.7991,8.9505
7.46,32.3675,0.0287,30.0955,9.0244,37.0497,9.0136
7.47,32.4237,-0.0202,30.1135,8.9738,37.055,8.9733
7.48,32.4393,0.0135,30.146,8.9474,36.951,8.9773
7.49,32.4585,0.0529,30.2003,9.025,36.784,8.9803
7.5,32.4207,0.0022,30.0911,8.9763,36.81,8.9037
7.51,32.4153,0.004,30.2703,9.0366,36.9031,8.9665
7.52,32.3716,-0.0202,30.3111,9.0301,37.0258,8.9747
7.53,32.3034,-0.0517,30.0988,8.9805,37.0781,8.9707
7.54,32.4397,0.0004,30.1631,9.0159,36.8878,9.0107
7.55,32.4007,-0.0164,30.1685,8.9367,36.7353,8.954
7.56,32.4308,0.0025,30.0626,9.0087,36.9212,8.9551
7.57,32.5003,0.0648,30.2676,8.9952,36.8225,8.9596
7.58,32.244,-0.0347,30.0141,8.987,36.8598,8.9615
7.59,32.4232,-0.0122,30.1432,9.0238,36.8921,9.0217
7.6,32.3599,-0.0202,30.2985,9.0381,36.8521,8.9616
7.61,32.2066,-0.0327,30.0272,8.9545,36.7708,8.9763
7.62,32.4125,0.0007,30.1983,8.9887,36.7002,8.9834
7.63,32.4403,-0.0559,30.171,8.9524,36.7883,8.9564
7.64,32.3737,0.0207,30.071,8.9651,36.805,9.0229
7.65,32.4404,0.0476,30.1311,9.0336,36.8863,8.971
7.66,32.3967,-0.0109,30.2192,8.9977,36.8043,8.9717
7.67,32.3733,-0.0174,30.2274,9.0738,36.6263,9.0122
7.68,32.2052,-0.0193,30.1222,9.0242,36.7622,8.9376
7.69,32.3827,-0.0258,30.2198,8.9524,36.8365,8.9842
7.7,32.2864,0.026,30.2327,9.0191,36.7562,8.9772
7.71,32.3188,-0.0202,30.1433,8.9438,36.8727,8.9689
7.72,32.3919,-0.0038,30.0738,8.9545,36.7639,8.9452
7.73,32.441,0.0234,30.2018,9.0254,36.717,8.9164
7.74,32.3443,-0.0327,30.1612,8.9673,36.5954,8.9719
7.75,32.4411,-0.0193,30.2375,8.9928,36.7642,8.9651
7.76,32.3354,-0.0162,30.3547,9.0347,36.7778,9.0012
7.77,32.1842,-0.0294,30.1116,8.9983,36.7769,9.0133
7.78,32.4372,0.0141,30.1573,9.0248,36.7228,8.926
7.79,32.3955,-0.0134,30.2214,8.9524,36.5719,8.9403
7.8,32.3197,-0.0083,30.0458,8.939,36.5272,8.9606
7.81,32.4751,0.0621,30.2284,9.0131,36.7106,8.9481
7.82,32.3833,-0.0248,30.2772,8.9841,36.6826,9.0069
7.83,32.387,-0.011,30.2556,9.0356,36.7099,8.9805
7.84,32.4147,-0.0202,30.3213,9.0208,36.7872,8.9463
7.85,32.2242,-0.0225,30.1684,8.9692,36.596,8.9161
7.86,32.3419,0.0113,30.1304,8.9855,36.5547,8.9344
7.87,32.3679,-0.0202,30.1104,8.9603,36.5138,8.9721
7.88,32.3793,0.0506,30.1425,8.9515,36.6085,8.9881
7.89,32.442,0.0799,30.2439,9.0075,36.5579,8.9763
7.9,32.3931,0.0121,30.168,9.0076,36.7218,8.9887
7.91,32.3567,-0.0021,30.2998,9.0131,36.5948,8.928
7.92,32.3586,-0.0319,30.2054,9.0386,36.6315,8.9746
7.93,32.1394,-0.0245,30.1502,8.9763,36.5601,8.956
7.94,32.4052,0.0005,30.261,9.0194,36.6604,8.9877
7.95,32.2839,-0.0103,30.0603,8.9868,36.5691,8.9809
7.96,32.4139,0.0019,30.0646,8.9848,36.4949,8.9639
7.97,32.4901,0.016,30.313,8.9943,36.573,9.0002
7.98,32.2071,-0.0202,30.1356,9.0044,36.4448,8.9613
7.99,32.4089,-0.0202,30.2743,9.0207,36.453,8.9694
8,32.3186,-0.0202,30.3253,9.0365,36.6294,9.0518
8.01,32.1932,-0.0275,30.182,8.9532,36.4688,8.9539
8.02,32.4429,0.0029,30.1794,8.997,36.3741,8.9887
8.03,32.3465,-0.0202,30.1795,8.972,36.3334,8.9867
8.04,32.3882,0.0036,30.0777,8.9602,36.4937,8.9241
8.05,32.4431,0.0387,30.2128,9.0131,36.4808,8.9763
8.06,32.3621,-0.0071,30.268,9.0007,36.6716,8.9628
8.07,32.324,-0.0145,30.2504,9.0227,36.5527,8.996
8.08,32.2723,-0.0461,30.2513,8.9892,36.2925,8.983
8.09,32.2332,-0.0432,30.2144,8.9579,36.4072,8.9271
8.1,32.3685,0.0189,30.1956,8.9776,36.4215,9.0086
8.11,32.3753,-0.0111,30.1579,8.9676,36.4615,8.9493
8.12,32.4217,0.0194,30.1151,8.9701,36.4851,9.0097
8.13,32.4334,0.0276,30.2597,9.0097,36.511,9.0058
8.14,32.2969,-0.0202,30.192,8.9763,36.2853,8.9582
8.15,32.3984,0.0019,30.2462,9.0235,36.4644,8.9442
8.16,32.2605,-0.0182,30.3356,9.0341,36.4655,8.9624
8.17,32.2003,-0.0407,30.1454,8.9478,36.3965,8.989
8.18,32.427,0.0043,30.2246,8.9729,36.5134,9.0349
8.19,32.273,-0.0091,30.1547,8.9637,36.377,8.9348
8.2,32.3701,-0.0021,30.0361,8.9512,36.34,8.9878
8.21,32.4869,0.0363,30.2073,9.025,36.1769,8.9231
8.22,32.3656,-0.0372,30.2758,8.9643,36.298,8.9265
8.23,32.2554,0.0265,30.1616,8.9955,36.3827,8.9914
8.24,32.3129,-0.0098,30.3242,9.0097,36.3538,8.9429
8.25,32.1096,-0.04,30.2579,8.9627,36.4633,8.9818
8.26,32.3717,0.0042,30.1426,8.9942,36.2722,8.9455
8.27,32.4268,-0.0202,30.1174,8.9517,36.129,8.896
8.28,32.3499,0.0106,30.1013,8.9322,36.4478,8.991
8.29,32.4447,0.0303,30.2966,9.0219,36.3143,8.9713
8.3,32.3666,-0.0349,30.1979,8.9703,36.307,8.9871
8.31,32.226,0.0398,30.2681,8.9747,36.3827,9.0026
8.32,32.2351,-0.0048,30.2668,8.9879,36.2573,8.9135
8.33,32.1959,-0.0202,30.1734,8.9758,36.2666,8.9588
8.34,32.4078,0.0343,30.2278,8.9813,36.3234,8.9651
8.35,32.2822,-0.0123,30.1018,8.9666,36.3674,9.0084
8.36,32.4325,0.0018,30.0837,8.9908,36.2812,9.0174
8.37,32.4452,0.045,30.2245,9.0245,36.2459,8.9465
8.38,32.1787,-0.0227,30.1933,8.9452,36.2793,8.9757
8.39,32.3136,-0.012,30.2898,9.0452,36.1406,8.9596
8.4,32.3234,-0.0202,30.2662,8.9972,36.3711,8.952
8.41,32.1101,-0.036,30.1947,8.9677,36.3323,9.045
8.42,32.3607,0.0421,30.1137,8.9769,36.2217,8.9126
8.43,32.3236,-0.0088,30.1249,8.9643,36.1583,8.9887
8.44,32.2622,-0.0067,30.1442,8.9837,36.1566,8.9685
8.45,32.4247,0.0299,30.2227,9.0316,36.0267,8.9216
8.46,32.2844,-0.0202,30.295,9.0043,36.207,8.9763
8.47,32.2353,0.0012,30.2201,9.036,36.259,8.9947
8.48,32.2537,-0.0202,30.2147,8.9643,36.3033,8.9884
8.49,32.226,-0.0362,30.2254,8.9486,36.1803,8.9763
8.5,32.3142,0.0254,30.142,9.0045,36.229,8.8757
8.51,32.2752,-0.0202,30.1109,8.9558,36.2681,8.9742
8.52,32.3321,0.0116,30.2267,8.9829,36.2293,8.9645
8.53,32.3784,0.0161,30.2355,9.0485,36.2725,9.0142
8.54,32.2987,-0.0325,30.1683,8.9763,36.1956,8.9667
8.55,32.3883,-0.0072,30.2393,9.0175,36.0017,8.908
8.56,32.1731,-0.0202,30.2612,8.9671,36.1012,8.9654
8.57,32.2103,-0.0202,30.149,8.9524,36.1997,8.9717
8.58,32.2996,0.0019,30.2136,8.9887,36.2535,8.965
8.59,32.2618,0,30.2514,8.9771,36.2518,9.0321
8.6,32.2291,0.0032,30.1134,8.9904,36.1327,8.9643
8.61,32.4313,0.0254,30.1816,9.0114,36.0577,8.9763
8.62,32.2459,-0.0328,30.1587,8.9864,36.0324,8.9627
8.63,32.2809,-0.0153,30.2274,9.0083,36.0081,8.9233
8.64,32.2721,-0.0157,30.3322,8.9401,36.06,9.0013
8.65,32.01,-0.0334,30.1675,8.9548,36.084,8.9629
8.66,32.2651,0.0322,30.0594,8.9932,36.1567,8.9661
8.67,32.3662,-0.0202,30.1942,8.971,35.9839,8.9427
8.68,32.2741,0.0215,30.1439,9.0066,35.9588,8.928
8.69,32.3925,0.0125,30.1945,9.0241,36.1764,8.9791
8.7,32.2559,-0.0202,30.1632,8.994,36.0869,8.9673
8.71,32.2399,0.0098,30.2592,9.0007,36.1469,9.0043
8.72,32.2455,-0.0192,30.2021,9.0039,36.1035,8.9902
8.73,32.1786,-0.0362,30.1472,8.9641,35.9516,8.9315
8.74,32.3737,0.0099,30.2699,9.0131,35.8932,8.9862
8.75,32.2066,-0.0101,30.1262,8.9714,36.0583,8.9524
8.76,32.3149,0.0122,30.0453,8.9833,35.9907,8.9652
8.77,32.3961,0.0147,30.2735,9.0401,36.0308,9.0359
8.78,32.179,-0.0422,30.2145,8.9861,36.0355,8.9584
8.79,32.3403,0.0208,30.1865,9.002,35.9684,8.9574
8.8,32.2626,-0.0202,30.3272,8.9896,35.9336,8.9382
8.81,32.0572,-0.0219,30.1484,8.9066,35.9753,8.9674
8.82,32.3723,-0.0078,30.1574,8.9927,36.0222,9.004
8.83,32.2773,-0.0003,30.1301,8.9611,35.937,8.9541
8.84,32.2707,0.0321,30.1048,8.973,35.8988,8.9581
8.85,32.406,0.0036,30.2812,9.0228,35.8986,8.9837
8.86,32.1948,-0.0202,30.2807,8.9876,35.8173,8.9195
8.87,32.1845,-0.0059,30.2037,9.007,35.938,8.9863
8.88,32.1569,-0.0144,30.191,8.9895,36.0951,8.9802
8.89,32.1159,-0.0419,30.187,8.9463,36.1274,8.977
8.9,32.2772,0.0118,30.1084,9.0059,36.0487,9.0034
8.91,32.2405,-0.0172,30.2409,8.9644,36.0222,8.9057
8.92,32.2861,0.0036,30.2479,8.9963,35.8709,8.9524
8.93,32.2781,0.0316,30.2635,9.0274,35.8469,8.9798
8.94,32.1553,-0.0209,30.1863,8.989,35.986,8.9553
8.95,32.2486,-0.0277,30.2372,9.0231,35.9319,9.037
8.96,32.2348,-0.0106,30.2496,9.0134,35.8442,8.9861
8.97,32.1072,-0.0311,30.1271,8.9471,35.9291,8.9463
8.98,32.2275,0.0448,30.2132,8.9966,35.9174,8.9579
8.99,32.2738,-0.0202,30.2028,8.9614,35.962,8.9547
9,32.2669,-0.0028,30.1874,8.9736,36.0177,9.0613
9.01,32.3661,0.0643,30.2303,9.0438,35.9143,8.953
9.02,32.1663,-0.0636,30.255,8.9661,35.7476,8.9469
9.03,32.1465,-0.0009,30.2406,9.0038,35.8419,8.9659
9.04,32.2564,-0.0176,30.2071,8.9726,35.8146,8.9149
9.05,32.0448,-0.0329,30.1712,8.9318,35.9465,9.0072
9.06,32.2587,-0.0154,30.1377,8.9996,35.7681,8.9588
9.07,32.3254,-0.0083,30.236,8.9522,35.8894,8.9647
9.08,32.2111,0.0066,30.1801,8.9921,35.6972,8.9908
9.09,32.2664,0.0062,30.248,9.0341,35.6524,8.904
9.1,32.2016,-0.0304,30.2085,8.9729,35.8517,8.9643
9.11,32.1813,0.0036,30.2896,8.984,35.799,8.9564
9.12,32.1521,-0.0202,30.244,8.9718,35.9048,9.0148
9.13,32.1187,-0.0202,30.097,8.9749,35.9615,9.0003
9.14,32.187,0.0161,30.2457,9.0117,35.8112,8.9195
9.15,32.1729,-0.0125,30.1423,8.9763,35.7754,8.9803
9.16,32.2069,-0.0083,30.1456,9.0171,35.8044,8.9577
9.17,32.3138,0.0194,30.3146,9.025,35.8084,8.9844
9.18,32.1056,-0.0246,30.1293,8.9881,35.7668,9.0228
9.19,32.2307,-0.0096,30.2261,9.0007,35.8391,8.9636
9.2,32.2438,-0.029,30.2506,8.9713,35.7634,8.9626
9.21,31.9868,-0.0316,30.1162,8.9204,35.7195,8.9493
9.22,32.2436,0.0332,30.1662,8.9956,35.7709,8.9356
9.23,32.0445,0.0022,30.3265,8.9525,35.9035,9.0139
9.24,32.0859,0.0122,30.1486,9.0098,35.8399,8.9667
9.25,32.4112,0.0076,30.2502,9.037,35.7369,8.9879
9.26,32.1377,-0.0202,30.191,8.9671,35.6109,8.9779
9.27,32.1434,-0.0034,30.1866,8.9743,35.54,8.94
9.28,32.0843,-0.0202,30.1932,8.9791,35.7106,8.9708
9.29,32.0744,-0.0285,30.1843,8.94,35.8269,8.9763
9.3,32.2565,0.0078,30.1867,9.0024,35.8484,9.0052
9.31,32.189,-0.0173,30.1349,8.9699,35.7523,8.9418
9.32,32.2636,0.0076,30.2575,9.0086,35.609,8.9308
9.33,32.1617,0.0208,30.2369,9.0455,35.7571,8.9887
9.34,32.1223,-0.0202,30.2065,8.982,35.6852,8.959
9.35,32.2318,-0.0149,30.2888,8.9776,35.816,8.9838
9.36,32.0513,-0.0119,30.2243,8.9707,35.7575,9.0194
9.37,32.0989,-0.0291,30.1671,8.9471,35.6201,8.9384
9.38,32.1192,0.0388,30.2265,9.0278,35.583,8.9655
9.39,32.1229,-0.0202,30.1768,8.9581,35.6074,8.946
9.4,32.1137,0.0386,30.1599,9.0353,35.5894,8.9557
9.41,32.323,0.0536,30.3246,9.0452,35.8061,9.0394
9.42,32.0908,-0.023,30.1981,8.9674,35.7052,8.9405
9.43,32.1103,-0.0105,30.1887,8.9923,35.616,8.9614
9.44,32.1636,-0.0202,30.2505,8.971,35.5343,8.9554
9.45,32.0374,-0.0208,30.1349,8.9298,35.6321,8.9187
9.46,32.3199,0.0301,30.185,9.0282,35.5629,9.0007
9.47,32.2156,-0.0102,30.2342,8.9791,35.7144,8.9712
9.48,32.1286,0.013,30.207,9.0138,35.716,8.9605
9.49,32.2396,0.0197,30.2526,9.0007,35.557,9.0049
9.5,32.1598,-0.0202,30.3117,8.9643,35.5943,8.8834
9.51,32.1477,0.0212,30.2348,9.0027,35.5712,8.9524
9.52,32.1573,-0.0202,30.2263,8.9348,35.6295,8.9475
9.53,32.0938,-0.0446,30.155,8.9333,35.6824,8.9763
9.54,32.1825,0.0204,30.2764,8.9809,35.7087,9.0469
9.55,32.0895,-0.0099,30.1941,9.0222,35.5523,8.9575
9.56,32.1574,0.0036,30.2237,9.0294,35.5019,8.9524
9.57,32.2772,-0.0083,30.3161,9.0502,35.5364,8.9617
9.58,32.0315,-0.0281,30.1626,8.9344,35.5432,8.9354
9.59,32.2228,0.0063,30.2809,8.9888,35.5688,9.037
9.6,32.14,-0.0202,30.3268,8.9449,35.7663,8.9294
9.61,31.9691,-0.0278,30.0904,8.94,35.6326,8.9733
9.62,32.1846,0.0396,30.2952,9.0145,35.3806,8.9409
9.63,32.104,0.0071,30.2393,9.0075,35.5172,8.9327
9.64,32.1531,-0.0001,30.1722,8.9911,35.5714,9.0072
9.65,32.1798,0.0285,30.3171,9.0321,35.6822,8.9643
9.66,32.0709,-0.0324,30.2331,8.9643,35.624,9.0064
9.67,32.1098,-0.0202,30.1242,8.9997,35.4243,8.9332
9.68,32.0991,-0.0202,30.2504,8.9672,35.3766,8.9045
9.69,31.9946,-0.0752,30.1939,8.9312,35.5241,9.028
9.7,32.1027,0.0527,30.2134,9.0588,35.557,8.9566
9.71,32.2079,-0.0202,30.1808,8.9874,35.5825,8.9952
9.72,32.1848,-0.015,30.2422,9.0244,35.5083,8.9929
9.73,32.2019,0.0524,30.3054,9.0738,35.5768,8.9266
9.74,32.1101,-0.0335,30.2305,8.9524,35.5219,8.9646
9.75,32.0577,-0.0176,30.1996,9.0049,35.4855,8.9623
9.76,32.0395,-0.0395,30.2377,8.9472,35.6932,8.9318
9.77,31.9847,-0.0252,30.1734,8.9285,35.4979,9.031
9.78,32.1274,0.0346,30.2228,9.0082,35.4326,8.9765
9.79,32.1339,-0.0213,30.2241,8.9692,35.454,8.9322
9.8,32.1618,0.0025,30.21,8.9957,35.3543,8.9287
9.81,32.266,0.0001,30.3816,9.0306,35.3835,8.9549
9.82,32.0216,-0.023,30.2281,8.9648,35.4583,9.0212
9.83,32.0803,0.0036,30.2287,8.9626,35.5478,8.9524
9.84,32.064,-0.0202,30.205,8.9177,35.2283,8.9652
9.85,31.9537,-0.0507,30.1091,8.9134,35.3317,8.9749
9.86,32.2027,0.0311,30.2161,9.0187,35.4029,8.9521
9.87,32.1701,-0.0202,30.2321,8.9776,35.4217,8.9763
9.88,32.1558,0.0217,30.3003,9.025,35.5351,8.9607
9.89,32.2013,0.0036,30.2807,8.9991,35.5496,9.0047
9.9,32.0416,-0.0362,30.2436,8.9887,35.4285,9.0059
9.91,31.9442,-0.0196,30.2458,8.9925,35.264,8.9231
9.92,31.9426,-0.0129,30.2123,8.9454,35.5422,8.9304
9.93,31.6491,-0.0082,30.009,8.9279,35.3765,8.9524
9.94,31.6204,0.0472,30.034,8.9934,35.5151,9.004
9.95,31.1551,-0.0249,29.5701,8.9726,35.5601,9.0185
9.96,30.4972,-0.0197,29.0887,8.9852,35.4154,8.928
9.97,29.8679,0.0027,28.5029,9.028,35.3813,8.9808
9.98,28.8944,-0.0269,27.5197,8.9763,35.3337,8.9544
9.99,28.3406,-0.015,26.8342,9,35.3875,8.9471
10,27.8793,-0.0202,26.1394,8.9606,35.3452,9.0204
10.01,27.3797,-0.0214,25.4401,8.9277,35.4115,8.9848
10.02,27.1314,0.0452,25.1202,9.0092,35.3414,8.9618
10.03,26.38,-0.0202,24.2743,8.9734,35.1925,8.9586
10.04,25.3753,-0.0004,23.0803,9.0247,35.29,8.896
10.05,23.6614,-0.0024,21.4339,9.0192,35.3955,8.9809
10.06,21.0599,-0.0202,19.3494,8.9618,35.3698,8.9826
10.07,18.9409,0.03,17.504,8.991,35.4588,8.9887
10.08,16.8345,-0.0202,15.5317,8.9935,35.2968,8.9713
10.09,14.9762,-0.0424,13.877,8.9523,35.29,8.9037
10.1,13.608,0.0643,12.4747,9.0149,35.4021,8.9794
10.11,11.9894,-0.0202,11.074,8.9578,35.3924,8.9505
10.12,10.6657,0.0404,9.8889,9.026,35.1612,8.9948
10.13,9.4853,0.007,8.8461,9.0042,35.3134,9.0035
10.14,8.0766,-0.0202,7.8514,8.9643,35.2643,8.9264
10.15,7.3508,0.0036,7.0505,8.9873,35.2658,8.9556
10.16,6.3443,0.0058,6.2508,8.9558,35.2614,8.9631
10.17,5.3733,-0.0083,5.4326,8.9783,35.1242,8.9272
10.18,4.8827,0.0552,5.0091,9.0329,34.9082,9.0277
10.19,4.1849,-0.014,4.4356,8.9428,34.302,8.9542
10.2,3.6609,0.0145,3.9911,9.0007,33.6749,8.9535
10.21,3.0877,0.0286,3.765,9.0197,32.8186,8.9366
10.22,2.4337,-0.0291,3.1917,8.9679,32.041,8.9107
10.23,2.0086,0.0016,2.8316,8.9751,31.4714,9.0203
10.24,1.5267,-0.0202,2.5508,8.9551,30.9547,8.9668
10.25,1.2082,0.016,2.128,8.9338,30.6425,8.9735
10.26,1.1731,0.0493,2.0825,9.0052,30.3676,8.9524
10.27,0.9345,-0.003,1.7565,8.9847,30.103,8.8988
10.28,0.6589,0.0217,1.6078,9.0367,29.7898,8.9811
10.29,0.6354,0.023,1.467,9.0547,29.7578,8.9532
10.3,0.3558,-0.0202,1.1252,8.9656,29.3997,8.9983
10.31,0.2732,-0.0032,1.0135,8.9997,28.8834,9.0217
10.32,0.2013,-0.0202,0.9428,8.9842,28.2804,8.9418
10.33,0.1406,-0.0345,0.7054,8.9606,27.7479,8.9719
10.34,0.2145,0.0268,0.7564,9.0153,27.1001,8.9763
10.35,0.1122,-0.0202,0.5532,8.98,26.1695,9.0237
10.36,0.0982,-0.0076,0.5541,9.0131,25.2994,9.0007
10.37,0.2018,0.014,0.5709,9.0203,24.3077,8.9321
10.38,-0.0596,-0.0517,0.4208,8.9671,23.3876,8.9643
10.39,0.0367,-0.0111,0.3578,8.9712,22.3863,8.944
10.4,0.0521,-0.0181,0.2512,8.9643,21.4996,8.9398
10.41,-0.0371,-0.0105,0.0963,8.9517,20.7518,9.0249
10.42,0.0607,0.0279,0.2445,9.0212,19.8776,8.9138
10.43,0.061,-0.0202,0.2132,8.9763,19.0189,8.9927
10.44,0.0818,-0.0005,0.2648,9.0007,18.2257,8.9577
10.45,0.1036,0.028,0.223,9.0288,17.6039,8.9124
10.46,-0.0372,-0.0368,0.037,8.9763,17.1072,9.0029
10.47,0.0387,0.006,0.1053,8.978,16.504,9.0007
10.48,-0.0094,-0.0377,-0.0084,8.9568,15.991,9.0232
10.49,-0.1123,-0.0148,-0.1412,8.9574,15.404,8.9623
10.5,0.0251,0.0367,0.0815,9.0287,14.903,8.927
10.51,0.0653,-0.0202,0.0014,8.9875,14.5191,8.9524
10.52,0,-0.0156,0.1094,9.0437,14.1901,8.974
10.53,0,0.0124,0.1552,9.0518,13.8416,8.9883
10.54,0,-0.0446,0.0223,8.9634,13.4455,9.0065
10.55,0,0.0036,0.0555,8.9954,12.9668,8.9316
10.56,0,-0.0202,-0.0439,8.9958,12.7164,8.9748
10.57,0,-0.0248,-0.0797,8.9846,12.4077,8.9247
10.58,0,0.0232,0.119,9.0046,12.353,8.9501
10.59,0,-0.0199,0.0206,8.9781,11.7277,9.0359
10.6,0,0.0071,0.0773,9.0313,11.6495,8.9338
10.61,0,0.0201,0.0719,9.0068,11.2171,8.987
10.62,0,-0.0479,-0.053,8.9436,11.057,8.9577
10.63,0,-0.0079,0.073,8.9767,10.867,8.9251
10.64,0,-0.0202,-0.1505,8.9698,10.7616,8.9832
10.65,0,-0.0201,-0.0745,8.9623,10.4965,8.9971
10.66,0,0.0293,-0.0202,9.0734,10.2101,8.9763
10.67,0,-0.0083,0.0109,8.9953,10.0232,8.9953
10.68,0,0.0138,0,9.0013,9.7278,8.9348
10.69,0,0.0101,0,9.002,9.5996,8.9837
10.7,0,-0.0611,0,9.0106,9.4736,8.9309
10.71,0,0.0041,0,9.0313,9.3641,8.9754
10.72,0,-0.0202,0,8.9236,9.0842,8.9974
10.73,0,-0.0176,0,8.997,8.8746,8.9431
10.74,0,0.0524,0,9.0084,8.712,8.9815
10.75,0,-0.0155,0,8.9411,8.5716,8.9452
10.76,0,-0.02,0,9.0018,8.5809,8.9492
10.77,0,0.0112,0,9.0387,8.3228,9.0239
10.78,0,-0.0221,0,8.9503,8.0465,8.9745
10.79,0,-0.0171,0,8.9948,7.94,8.9643
10.8,0,-0.0202,0,8.9412,7.8365,8.9545
10.81,0,-0.056,0,8.9821,7.7756,8.9386
10.82,0,0.0224,0,9.0199,7.6857,8.9985
10.83,0,-0.0202,0,9.0131,7.496,8.9656
10.84,0,0.0033,0,9.0187,7.3816,8.9799
10.85,0,0.0241,0,8.9839,7.1943,8.9577
10.86,0,-0.062,0,8.9445,7.1683,8.9232
10.87,0,-0.0057,0,8.9885,7.053,8.9753
10.88,0,-0.0087,0,8.9587,7.0768,8.9573
10.89,0,-0.0128,0,9.0131,6.9855,8.9734
10.9,0,0.0448,0,8.9785,6.8578,8.9561
10.91,0,-0.0178,0,8.9855,6.817,8.9062
10.92,0,0.0172,0,9.0078,6.7077,8.9674
10.93,0,-0.0181,0,8.9833,6.5692,8.9298
10.94,0,-0.0475,0,8.9328,6.526,8.98
10.95,0,-0.0167,0,8.9762,6.3721,9.0081
10.96,0,-0.0106,0,8.9787,6.3464,8.9403
10.97,0,-0.0007,0,8.9656,6.1916,8.9666
10.98,0,0.048,0,9.045,6.2171,8.9634
10.99,0,-0.0264,0,8.9719,6.13,8.9512
11,0,-0.0083,0,8.9896,6.1356,9.0131
11.01,0,0.0116,0,8.9535,6.0336,8.94
11.02,0,-0.0294,0,8.9364,5.9829,8.9646
11.03,0,-0.0009,0,8.995,5.7868,8.9507
11.04,0,-0.015,0,8.9724,5.6968,8.9075
11.05,0,-0.0193,0,8.9625,5.8105,9.0187
11.06,0,0.0407,0,9.0387,5.7938,8.9524
11.07,0,0.0089,0,8.9953,5.7697,8.9544
11.08,0,-0.0058,0,9.0238,5.6399,8.9762
11.09,0,-0.0202,0,8.9826,5.4926,8.9195
11.1,0,-0.0437,0,8.9439,5.5753,8.9847
11.11,0,-0.0137,0,9.0243,5.4695,8.9704
11.12,0,-0.0099,0,8.9524,5.5202,8.9769
11.13,0,-0.0202,0,8.9768,5.4424,9.0206
11.14,0,0.0389,0,9.0015,5.3479,8.9641
11.15,0,0.0013,0,8.9643,5.347,8.9436
11.16,0,-0.0017,0,9.0087,5.3028,8.968
11.17,0,0.0018,0,8.9866,5.3144,8.9337
11.18,0,-0.0447,0,8.927,5.2177,9.0018
11.19,0,0.0129,0,8.9747,5.2691,8.95
11.2,0,-0.0102,0,8.9686,5.0315,8.9659
11.21,0,-0.0047,0,9.0209,5.1551,8.9327
11.22,0,0.0524,0,9.0736,5.0315,8.9584
11.23,0,-0.0202,0,8.9763,5.1115,9.0026
11.24,0,0.0114,0,9.0154,5.1059,8.9524
11.25,0,0.0254,0,8.973,5.0487,8.9643
11.26,0,-0.0446,0,8.9233,4.8159,8.9966
11.27,0,-0.0061,0,8.9887,4.9348,8.9023
11.28,0,-0.0202,0,8.9591,5.0122,8.9852
11.29,0,-0.0171,0,8.9841,4.9968,8.9524
11.3,0,0.0839,0,9.0401,4.9466,8.9643
11.31,0,-0.0202,0,8.9806,4.8247,9.0139
11.32,0,-0.0202,0,9.0243,4.9497,8.9597
11.33,0,-0.0013,0,8.9699,4.7732,8.9739
11.34,0,-0.0219,0,8.9187,4.8018,8.9395
11.35,0,-0.0042,0,8.9956,4.9417,8.9732
11.36,0,-0.0173,0,8.9857,4.756,8.9986
11.37,0,-0.0223,0,8.9852,4.8032,8.943
11.38,0,0.0626,0,9.0371,4.7061,8.9653
11.39,0,-0.0326,0,8.9763,4.5012,8.9643
11.4,0,-0.0105,0,8.9592,4.7177,8.9463
11.41,0,0.0192,0,8.94,4.7267,8.9999
11.42,0,-0.0485,0,8.9204,4.761,8.9694
11.43,0,0.0036,0,9.0146,4.6728,8.9855
11.44,0,-0.0202,0,8.919,4.596,8.9558
11.45,0,-0.0139,0,9.0165,4.5022,8.8942
11.46,0,0.0109,0,9.0613,4.5296,8.9337
11.47,0,-0.0202,0,8.9803,4.5455,8.9328
11.48,0,-0.0011,0,9.0199,4.5855,9.0024
11.49,0,-0.0026,0,8.9755,4.501,8.9631
11.5,0,-0.0268,0,8.9326,4.59,8.936
11.51,0,0.005,0,9.0175,4.5156,8.9649
11.52,0,-0.0202,0,8.9862,4.6828,8.9444
11.53,0,-0.0089,0,9.0056,4.5871,8.9713
11.54,0,0.0659,0,9.0731,4.4008,9.0095
11.55,0,-0.0153,0,8.9677,4.517,8.9417
11.56,0,-0.0083,0,8.9986,4.4619,8.943
11.57,0,-0.0195,0,8.9609,4.3479,8.9524
11.58,0,-0.0244,0,8.9357,4.4525,8.9594
11.59,0,-0.0021,0,9.0459,4.3062,9.0041
11.6,0,-0.0125,0,8.9589,4.3368,8.9707
11.61,0,-0.021,0,9.0427,4.3606,8.956
11.62,0,0.0414,0,9.0381,4.3666,8.9524
11.63,0,-0.0202,0,8.9921,4.4396,8.9266
11.64,0,0.0135,0,8.9927,4.2756,8.9524
11.65,0,-0.0117,0,8.9577,4.3862,8.9608
11.66,0,-0.0202,0,8.9206,4.3849,8.9831
11.67,0,-0.0092,0,8.9971,4.2394,8.9809
11.68,0,-0.0202,0,9.0109,4.3096,8.9242
11.69,0,-0.0202,0,8.9872,4.224,8.9642
11.7,0,0.0404,0,9.037,4.3011,8.9524
11.71,0,-0.0202,0,8.9763,4.321,8.9725
11.72,0,0.0232,0,9.0089,4.3335,9.0373
11.73,0,-0.0197,0,8.9524,4.297,8.9318
11.74,0,-0.0343,0,8.94,4.3813,8.9742
11.75,0,-0.0142,0,9.0131,4.3205,8.976
11.76,0,-0.0023,0,8.9536,4.2779,8.9811
11.77,0,-0.0162,0,9.0221,4.2486,9.0091
11.78,0,0.1069,0,9.0657,4.2611,8.9582
11.79,0,-0.0202,0,8.9665,4.063,8.9608
11.8,0,0.0161,0,9.0299,4.1146,8.9524
11.81,0,-0.0053,0,8.94,4.2252,8.8699
11.82,0,-0.0202,0,8.9473,4.241,8.9798
11.83,0,-0.0083,0,9.0007,4.2257,8.9672
11.84,0,-0.0004,0,8.9656,4.22,8.958
11.85,0,0.0156,0,9.0295,4.1096,8.9709
11.86,0,0.0299,0,9.025,4.0868,8.911
11.87,0,-0.0202,0,8.9643,4.1029,8.9887
11.88,0,-0.0256,0,8.9868,4.1228,8.957
11.89,0,-0.0274,0,8.9525,4.1152,8.9972
11.9,0,-0.0329,0,8.9643,4.2099,8.9919
11.91,0,0.0211,0,9.0007,4.1718,8.9366
11.92,0,-0.0183,0,8.9833,4.1591,8.9576
11.93,0,0.0006,0,9.0328,4.1059,8.9776
11.94,0,0.0321,0,9.0078,4.175,8.971
11.95,0,-0.0183,0,8.9679,4.1434,9.0197
11.96,0,-0.0024,0,8.9994,4.2004,8.9629
11.97,0,-0.0094,0,8.9646,4.1159,8.9571
11.98,0,-0.0202,0,8.9633,4.07,8.9449
11.99,0,0.0102,0,9.0091,4.0174,8.9313
12,0,0.0002,0,8.975,4.0623,9.0007
12.01,0,0.0068,0,9.0097,4.0465,8.9282
12.02,0,0.0516,0,9.0329,4.0738,8.9554
12.03,0,-0.0157,0,9.0103,4.0341,8.9814
12.04,0,0.0062,0,8.9938,4.0778,8.9127
12.05,0,-0.0079,0,8.9678,4.1199,8.9585
12.06,0,-0.0327,0,8.9258,4.0952,8.9624
12.07,0,-0.0192,0,9.0059,4.089,9.0041
12.08,0,-0.015,0,8.9763,3.9408,8.992
12.09,0,-0.0255,0,9.0082,3.9514,8.9125
12.1,0,0.0524,0,9.0518,3.9871,8.9675
12.11,0,-0.0202,0,8.9738,4.0186,8.9412
12.12,0,0.0382,0,9.0213,4.1244,9.0307
12.13,0,-0.0142,0,8.9879,3.9855,9.0139
12.14,0,-0.0538,0,8.9419,3.9847,8.9475
12.15,0,0.0043,0,9.037,3.9773,8.9899
12.16,0,-0.0114,0,8.9734,3.9854,8.9348
12.17,0,0,0,9.0324,4.0336,8.9428
12.18,0,0.0456,0,9.037,3.9346,9.0107
12.19,0,-0.0086,0,8.9643,4.0206,8.9426
12.2,0,-0.0083,0,8.9992,3.8791,8.9688
12.21,0,0.0088,0,8.9711,3.9455,8.9524
12.22,0,-0.0394,0,8.9266,3.901,8.8888
12.23,0,0.0114,0,9.0109,3.9301,8.9858
12.24,0,0.0148,0,8.9887,4.0049,8.9655
12.25,0,0.0064,0,9.0448,3.8669,8.9788
12.26,0,0.0387,0,9.0326,3.8727,8.9744
12.27,0,-0.0169,0,8.9763,4.0014,8.9299
12.28,0,0.0166,0,9.0219,3.9134,8.9651
12.29,0,-0.0166,0,8.9724,3.8855,8.9626
12.3,0,-0.0385,0,8.9657,3.9088,8.9998
12.31,0,0.0261,0,9.0124,3.9994,9.0153
12.32,0,-0.0162,0,8.9857,3.972,8.9325
12.33,0,-0.0142,0,9.0272,3.8187,8.9582
12.34,0,0.0446,0,9.0232,3.8992,8.9319
12.35,0,-0.0202,0,8.976,4.0735,8.9582
12.36,0,-0.02,0,8.998,3.9788,9.0366
12.37,0,-0.0011,0,8.9574,3.8984,8.9623
12.38,0,-0.0303,0,8.9501,3.8572,9.0089
12.39,0,-0.0176,0,8.986,3.9303,8.94
12.4,0,-0.0051,0,8.9887,3.8912,8.9
12.41,0,-0.0088,0,9.0181,3.8416,8.9686
12.42,0,0.0721,0,8.9823,4.0022,8.9642
12.43,0,-0.0202,0,8.9727,3.8522,8.9353
12.44,0,-0.0135,0,9.0007,3.9051,8.9485
12.45,0,-0.0037,0,8.9296,3.9655,8.8803
12.46,0,-0.0638,0,8.9801,3.8853,8.985
12.47,0,0.0034,0,9.0267,3.9348,8.957
12.48,0,-0.0202,0,8.9796,3.9773,9.0118
12.49,0,-0.0124,0,9.0007,3.7545,9.0337
12.5,0,0.0495,0,9.068,3.9337,8.9267
12.51,0,-0.0063,0,8.9701,3.8464,8.9876
12.52,0,-0.0064,0,8.99,3.8977,8.9568
12.53,0,-0.0326,0,8.9193,3.8783,8.9599
12.54,0,-0.0398,0,8.9594,3.882,9.0255
12.55,0,-0.0069,0,8.9915,3.9643,8.9583
12.56,0,-0.011,0,8.976,3.8509,8.9556
12.57,0,-0.0202,0,9.0353,3.8399,8.94
12.58,0,0.0874,0,9.0253,3.8967,8.9561
12.59,0,-0.0147,0,8.9549,3.773,8.9968
12.6,0,0.0036,0,8.9818,3.8594,8.9887
12.61,0,-0.0202,0,8.9658,3.7041,8.9656
12.62,0,-0.029,0,8.9533,3.7482,8.941
12.63,0,0.0133,0,9.0085,3.7026,8.9499
12.64,0,-0.0202,0,8.9818,3.784,8.9887
12.65,0,-0.009,0,9.0205,3.8993,8.9801
12.66,0,0.036,0,9.0272,3.9274,8.986
12.67,0,-0.0389,0,8.9762,3.8124,8.9909
12.68,0,0.0036,0,9.0007,3.8394,8.94
12.69,0,-0.0183,0,8.9524,3.7044,8.9298
12.7,0,-0.057,0,8.9444,3.8084,8.9643
12.71,0,0.0203,0,9.0176,3.8696,8.9766
12.72,0,-0.0224,0,9.0123,3.9113,9.0207
12.73,0,0.0075,0,9.0061,3.8571,8.9634
12.74,0,0.0488,0,9.0258,3.7957,8.9466
12.75,0,-0.0195,0,8.9673,3.7251,8.945
12.76,0,-0.0021,0,9.0007,3.7214,8.9542
12.77,0,-0.0202,0,8.9635,3.7613,8.9828
12.78,0,-0.046,0,8.9491,3.8141,8.9631
12.79,0,-0.0168,0,9.037,3.7032,8.9658
12.8,0,-0.0416,0,8.9643,3.7756,8.9509
12.81,0,-0.0092,0,9.0156,3.7797,8.9288
12.82,0,0.0736,0,9.018,3.7075,8.9981
12.83,0,-0.0202,0,8.9404,3.7845,8.9524
12.84,0,0.0036,0,8.9986,3.8183,8.9734
12.85,0,-0.018,0,8.9724,3.6871,8.9903
12.86,0,-0.0716,0,8.963,3.6585,8.8895
12.87,0,0.0159,0,9.0655,3.7536,8.9613
12.88,0,-0.0152,0,8.9633,3.8606,8.9524
12.89,0,0.0121,0,8.9995,3.8498,8.9716
12.9,0,0.0553,0,9.0261,3.7208,9.0114
12.91,0,0.0037,0,8.9677,3.7379,8.9167
12.92,0,0.0036,0,8.9826,3.7156,9.0084
12.93,0,0.0036,0,8.9452,3.6781,8.96
12.94,0,-0.0746,0,8.9417,3.785,8.9574
12.95,0,0.0049,0,9.025,3.7857,9.0206
12.96,0,-0.0202,0,8.9425,3.7914,8.9524
12.97,0,0.0324,0,9.018,3.8327,8.9527
12.98,0,0.0844,0,9.0135,3.6825,8.9366
12.99,0,-0.0212,0,8.9289,3.7015,8.9156
13,0,0.0036,0,9.0182,3.771,9.0007
13.01,0,-0.0109,0,8.9684,3.8163,8.9723
13.02,0,-0.0815,0,8.9741,3.6499,8.9743
13.03,0,-0.0155,0,8.9973,3.8328,8.9524
13.04,0,-0.0202,0,8.9757,3.5727,8.9156
13.05,0,-0.0293,0,8.9923,3.7849,8.9728
13.06,0,0.0754,0,9.0082,3.7351,8.9709
13.07,0,-0.0202,0,8.886,3.7107,8.9803
13.08,0,-0.0004,0,9.0092,3.6752,9.0217
13.09,0,-0.0521,0,8.9491,3.6864,8.9396
13.1,0,-0.0389,0,8.9643,3.711,8.9524
13.11,0,-0.0156,0,8.9958,3.7003,8.9524
13.12,0,-0.0121,0,8.9512,3.7588,8.9718
13.13,0,-0.0138,0,9.0336,3.7737,9.0007
13.14,0,0.0698,0,9.0385,3.6964,8.9667
13.15,0,-0.0202,0,8.9351,3.7071,8.9647
13.16,0,0.0387,0,9.0227,3.7045,8.9448
13.17,0,-0.0157,0,8.9714,3.8385,8.938
13.18,0,-0.0395,0,8.9524,3.784,9.0091
13.19,0,-0.0178,0,9.025,3.818,8.9598
13.2,0,-0.0202,0,8.9763,3.7352,8.9939
13.21,0,-0.0202,0,9.0467,3.6825,8.9978
13.22,0,0.0576,0,9.0132,3.6408,8.8945
13.23,0,-0.0202,0,8.928,3.7135,8.9905
13.24,0,0.0036,0,8.9763,3.7546,8.9778
13.25,0,-0.0242,0,8.9814,3.6428,8.9912
13.26,0,-0.0668,0,8.9637,3.6378,8.9859
13.27,0,-0.0143,0,9.0386,3.6829,8.9156
13.28,0,-0.0073,0,9.0196,3.6845,8.9536
13.29,0,0.0207,0,9.0118,3.7357,8.9667
13.3,0,0.0734,0,9.0148,3.7913,8.9989
13.31,0,-0.0202,0,8.929,3.7344,9.025
13.32,0,-0.0202,0,9.0022,3.6862,8.9406
13.33,0,-0.0202,0,8.9524,3.6639,8.9533
13.34,0,-0.0522,0,8.946,3.5911,8.9503
13.35,0,0.0207,0,9.0533,3.6742,8.9432
13.36,0,-0.0202,0,8.9988,3.7251,9.0292
13.37,0,0.0252,0,9.0246,3.5958,8.9662
13.38,0,0.0511,0,8.9737,3.6078,8.9975
13.39,0,-0.0202,0,8.9496,3.6438,8.9423
13.4,0,-0.0185,0,8.9907,3.6449,8.8717
13.41,0,-0.0458,0,8.979,3.5814,8.9707
13.42,0,-0.0576,0,8.9757,3.637,8.9596
13.43,0,-0.0083,0,8.9923,3.6222,8.9711
13.44,0,-0.0144,0,8.9357,3.6198,8.9698
13.45,0,0.0161,0,8.9943,3.5943,8.9063
13.46,0,0.0363,0,8.9957,3.6144,8.9743
13.47,0,-0.0202,0,8.9735,3.6435,8.9657
13.48,0,-0.0083,0,8.9773,3.662,8.9643
13.49,0,-0.0202,0,8.9709,3.6865,9.0206
13.5,0,-0.0204,0,8.9873,3.781,8.9398
13.51,0,0.0017,0,9.0548,3.577,8.937
13.52,0,-0.0179,0,8.9594,3.7512,9.0102
13.53,0,-0.0083,0,8.9404,3.574,8.9763
13.54,0,0.0466,0,8.9643,3.6569,9.0085
13.55,0,-0.0316,0,8.9233,3.7173,8.9336
13.56,0,-0.0029,0,8.9763,3.6057,8.9304
13.57,0,-0.0202,0,8.9661,3.5332,8.9347
13.58,0,-0.0481,0,8.9513,3.6834,8.9391
13.59,0,-0.0047,0,9.0144,3.5843,8.9961
13.6,0,-0.0189,0,8.9931,3.6476,8.9566
13.61,0,0.003,0,9.028,3.6504,8.9639
13.62,0,0.061,0,8.9887,3.475,8.9609
13.63,0,-0.0202,0,8.9179,3.6228,8.8992
13.64,0,-0.0112,0,8.9772,3.565,8.9884
13.65,0,0.0036,0,8.9599,3.6215,9.0004
13.66,0,-0.0396,0,8.9852,3.5968,8.9845
13.67,0,0.0162,0,9.0456,3.5153,9.013
13.68,0,-0.0202,0,8.9875,3.6129,8.928
13.69,0,0.0116,0,8.9948,3.5774,8.9685
13.7,0,0.0497,0,8.9675,3.613,8.9524
13.71,0,-0.0202,0,8.9156,3.6955,8.981
13.72,0,-0.0089,0,9.0064,3.671,9.0169
13.73,0,-0.0147,0,8.9959,3.6258,8.9695
13.74,0,-0.0735,0,9.0054,3.6121,8.94
13.75,0,0.0001,0,9.0263,3.589,8.9643
13.76,0,-0.0219,0,8.9685,3.6099,8.928
13.77,0,0.0119,0,9.0101,3.5674,9.0283
13.78,0,0.0345,0,8.9745,3.6114,8.9269
13.79,0,-0.0217,0,8.9177,3.4891,8.965
13.8,0,-0.0083,0,9.0126,3.5731,8.9435
13.81,0,-0.0202,0,8.969,3.5594,8.8745
13.82,0,-0.0403,0,8.9913,3.6317,8.9891
13.83,0,0.0066,0,9.0174,3.6598,8.9612
13.84,0,-0.0202,0,8.9674,3.6486,8.9333
13.85,0,-0.0034,0,8.9897,3.5972,9.0107
13.86,0,0.0537,0,8.9678,3.5826,8.9142
13.87,0,-0.0174,0,8.9177,3.653,8.9669
13.88,0,0.0034,0,8.9878,3.5451,8.9524
13.89,0,-0.0179,0,8.9763,3.6243,8.9588
13.9,0,-0.0633,0,8.9862,3.5716,9.0041
13.91,0,0.0147,0,9.0131,3.5266,8.9455
13.92,0,-0.0166,0,8.9942,3.6528,8.9331
13.93,0,0.0125,0,9.0097,3.54,8.9552
13.94,0,0.0509,0,8.977,3.7044,8.9313
13.95,0,-0.0202,0,8.9774,3.5088,9.0459
13.96,0,0.0142,0,8.9643,3.6031,8.9369
13.97,0,-0.0202,0,8.9655,3.6066,8.9609
13.98,0,-0.0299,0,8.9859,3.656,8.9473
13.99,0,-0.0061,0,9.0683,3.4971,8.9067
14,0,-0.0083,0,8.9657,3.5849,8.9643
14.01,0,0.0275,0,9.0007,3.542,8.9563
14.02,0,0.0505,0,8.9172,3.5461,8.9793
14.03,0,-0.0263,0,8.9483,3.5992,8.9673
14.04,0,0.0313,0,8.9977,3.6201,8.9054
14.05,0,-0.0285,0,8.9605,3.4796,8.97
14.06,0,-0.0335,0,8.9887,3.6091,8.9448
14.07,0,0.0096,0,9.0609,3.5208,8.9967
14.08,0,-0.0202,0,8.981,3.4814,8.9998
14.09,0,-0.0001,0,8.9913,3.5843,8.918
14.1,0,0.0387,0,8.9735,3.4645,8.9763
14.11,0,-0.0171,0,8.906,3.5432,8.949
14.12,0,0.0028,0,9.013,3.6242,8.9579
14.13,0,-0.0202,0,8.9594,3.5665,9.0219
14.14,0,-0.0614,0,9.003,3.5559,8.9142
14.15,0,0.0036,0,9.0087,3.5197,8.9341
14.16,0,-0.0202,0,9.0041,3.5718,8.9412
14.17,0,0.0084,0,9.0007,3.5794,8.928
14.18,0,0.0408,0,8.9847,3.515,8.9841
14.19,0,-0.0202,0,8.9246,3.5847,8.9537
14.2,0,0.0123,0,9.0068,3.4816,8.9763
14.21,0,-0.0172,0,8.9763,3.5026,8.9257
14.22,0,-0.0446,0,9.0096,3.6493,8.8908
14.23,0,0.0046,0,9.0604,3.5875,8.9763
14.24,0,-0.0017,0,8.9887,3.5329,8.9541
14.25,0,0.0161,0,9.0043,3.539,8.9889
14.26,0,0.0442,0,8.9691,3.451,8.9898
14.27,0,-0.0236,0,8.9089,3.516,8.8917
14.28,0,0.0019,0,9.0074,3.4909,8.9762
14.29,0,-0.0311,0,8.9524,3.5495,8.944
14.3,0,-0.0557,0,8.9971,3.5004,8.9887
14.31,0,-0.0038,0,9.0194,3.5885,9.0006
14.32,0,-0.0101,0,8.926,3.6297,8.9785
14.33,0,-0.0012,0,9.0007,3.4184,8.9643
14.34,0,0.0653,0,8.9648,3.6011,8.934
14.35,0,-0.0202,0,8.9235,3.6219,8.9238
14.36,0,0.0036,0,9.0131,3.5848,9.0092
14.37,0,-0.0202,0,8.9422,3.5877,8.9639
14.38,0,-0.0454,0,9.0088,3.4731,8.9763
14.39,0,0.0279,0,9.0732,3.4317,8.9477
14.4,0,-0.0202,0,8.9668,3.4786,8.8979
14.41,0,0.0161,0,8.9787,3.3766,9.0007
14.42,0,0.0514,0,8.981,3.5448,8.9794
14.43,0,-0.0202,0,8.9141,3.4663,8.9763
14.44,0,0.0133,0,9.0001,3.5045,8.9814
14.45,0,-0.0308,0,8.9575,3.4739,8.9147
14.46,0,-0.0476,0,9.0169,3.4932,8.9652
14.47,0,0.0036,0,9.025,3.5311,8.9707
14.48,0,-0.0202,0,8.9796,3.6799,8.9763
14.49,0,0.0282,0,8.9553,3.467,9.0126
14.5,0,0.0593,0,8.9611,3.54,8.943
14.51,0,-0.0249,0,8.9493,3.4039,8.9763
14.52,0,-0.0083,0,9.0148,3.4939,8.9613
14.53,0,-0.0218,0,8.9848,3.4914,8.9634
14.54,0,-0.0412,0,9.0108,3.4857,9.0104
14.55,0,0.0062,0,9.0553,3.5396,8.9973
14.56,0,-0.0202,0,8.9876,3.4508,8.9724
14.57,0,0.0126,0,9.0092,3.4339,8.9424
14.58,0,0.0106,0,8.949,3.5154,8.94
14.59,0,-0.0221,0,8.9068,3.501,9.013
14.6,0,-0.0125,0,9.0033,3.5169,8.95
14.61,0,-0.0202,0,9,3.4001,8.9878
14.62,0,-0.0485,0,9.0238,3.4648,8.9445
14.63,0,0.0141,0,9.0464,3.54,8.9099
14.64,0,-0.02,0,8.9544,3.3585,8.9835
14.65,0,0.0161,0,8.9938,3.5873,8.9675
14.66,0,0.0287,0,8.9529,3.4236,8.9887
14.67,0,-0.0176,0,8.9298,3.4691,8.9855
14.68,0,0.0036,0,9.0124,3.418,8.9166
14.69,0,-0.017,0,8.9643,3.4984,8.9556
14.7,0,-0.0438,0,9.0323,3.5208,8.9351
14.71,0,0.0508,0,9.0611,3.5052,8.968
14.72,0,-0.0202,0,8.9624,3.467,9.0273
14.73,0,0.0318,0,9.0229,3.598,8.9074
14.74,0,0.0404,0,8.9666,3.4445,8.9865
14.75,0,-0.0262,0,8.9487,3.5077,8.9469
14.76,0,0.0019,0,9.0125,3.5567,8.9212
14.77,0,-0.0202,0,8.9677,3.4451,9.0007
14.78,0,-0.0386,0,9.0024,3.607,8.9729
14.79,0,0.0219,0,9.0315,3.4516,8.9581
14.8,0,-0.0102,0,8.9484,3.4214,8.9541
14.81,0,0.04,0,8.9907,3.4127,8.9106
14.82,0,0.0162,0,8.9466,3.375,8.9887
14.83,0,-0.0247,0,8.9075,3.5155,8.9692
14.84,0,-0.0027,0,8.9933,3.4846,8.9779
14.85,0,-0.0202,0,8.9538,3.3188,9.0033
14.86,0,-0.0563,0,9.0193,3.586,8.9167
14.87,0,0.0207,0,9.0197,3.4133,8.962
14.88,0,0.0116,0,8.9515,3.5606,8.9567
14.89,0,-0.0168,0,8.9805,3.4283,8.9643
14.9,0,0.0499,0,8.9369,3.4925,9.0433
14.91,0,-0.0202,0,8.9468,3.3667,8.928
14.92,0,-0.0202,0,9.0076,3.3448,8.9526
14.93,0,-0.021,0,8.9891,3.442,8.9676
14.94,0,-0.0246,0,9.0085,3.4742,8.9364
14.95,0,0.0123,0,9.0263,3.4784,9.0007
14.96,0,-0.0202,0,8.9665,3.565,8.9444
14.97,0,0.0011,0,8.9936,3.4999,8.942
14.98,0,0.028,0,8.9524,3.467,8.928
14.99,0,0.0161,0,8.9887,3.442,9.025
